ip,timestamp,method,url,protocol,status,size,referrer,user_agent
192.168.1.30,2025-12-03 21:14:41-07:00,POST,/admin,HTTP/1.1,200,267,-,Mozilla/5.0 (Windows NT 10.0; Win64; x64)
192.168.1.30,2025-12-03 21:14:42-07:00,GET,/admin,HTTP/1.1,200,1287,-,Nmap Scripting Engine
192.168.1.30,2025-12-03 21:14:43-07:00,GET,/admin,HTTP/1.1,200,1251,-,sqlmap/1.4.12
192.168.1.20,2025-12-03 21:14:44-07:00,POST,/dashboard,HTTP/1.1,200,1865,-,sqlmap/1.4.12
192.168.1.20,2025-12-03 21:14:45-07:00,POST,/admin,HTTP/1.1,200,165,-,Mozilla/5.0 (Windows NT 10.0; Win64; x64)
172.16.0.8,2025-12-03 21:14:46-07:00,POST,/index.html,HTTP/1.1,200,370,-,sqlmap/1.4.12
192.168.1.20,2025-12-03 21:14:47-07:00,POST,/dashboard,HTTP/1.1,200,486,-,sqlmap/1.4.12
192.168.1.30,2025-12-03 21:14:48-07:00,GET,/dashboard,HTTP/1.1,200,811,-,sqlmap/1.4.12
192.168.1.10,2025-12-03 21:14:49-07:00,POST,/admin,HTTP/1.1,401,1682,-,Mozilla/5.0 (Windows NT 10.0; Win64; x64)
10.0.0.5,2025-12-03 21:14:50-07:00,POST,/index.html,HTTP/1.1,200,1496,-,Mozilla/5.0 (Windows NT 10.0; Win64; x64)
10.0.0.5,2025-12-03 21:14:51-07:00,GET,/index.html,HTTP/1.1,200,832,-,sqlmap/1.4.12
172.16.0.8,2025-12-03 21:14:52-07:00,POST,/index.html,HTTP/1.1,200,1946,-,curl/7.68.0
172.16.0.8,2025-12-03 21:14:53-07:00,GET,/admin,HTTP/1.1,200,1530,-,sqlmap/1.4.12
172.16.0.8,2025-12-03 21:14:54-07:00,GET,/login,HTTP/1.1,401,1783,-,sqlmap/1.4.12
192.168.1.30,2025-12-03 21:14:55-07:00,POST,/index.html,HTTP/1.1,401,1847,-,Nmap Scripting Engine
10.0.0.5,2025-12-03 21:14:56-07:00,POST,/dashboard,HTTP/1.1,200,1766,-,Nmap Scripting Engine
192.168.1.30,2025-12-03 21:14:57-07:00,POST,/index.html,HTTP/1.1,200,1590,-,curl/7.68.0
172.16.0.8,2025-12-03 21:14:58-07:00,GET,/login,HTTP/1.1,401,1272,-,sqlmap/1.4.12
172.16.0.8,2025-12-03 21:14:59-07:00,POST,/dashboard,HTTP/1.1,200,1576,-,Nmap Scripting Engine
192.168.1.10,2025-12-03 21:15:00-07:00,POST,/admin,HTTP/1.1,200,487,-,Mozilla/5.0 (Windows NT 10.0; Win64; x64)
10.0.0.5,2025-12-03 21:15:01-07:00,GET,/admin,HTTP/1.1,200,1176,-,Nmap Scripting Engine
10.0.0.5,2025-12-03 21:15:02-07:00,POST,/index.html,HTTP/1.1,200,1420,-,curl/7.68.0
172.16.0.8,2025-12-03 21:15:03-07:00,GET,/dashboard,HTTP/1.1,200,1496,-,Nmap Scripting Engine
192.168.1.20,2025-12-03 21:15:04-07:00,GET,/login,HTTP/1.1,200,1810,-,Nmap Scripting Engine
192.168.1.20,2025-12-03 21:15:05-07:00,POST,/dashboard,HTTP/1.1,200,1169,-,Mozilla/5.0 (Windows NT 10.0; Win64; x64)
172.16.0.8,2025-12-03 21:15:06-07:00,GET,/dashboard,HTTP/1.1,403,1999,-,Nmap Scripting Engine
192.168.1.30,2025-12-03 21:15:07-07:00,POST,/index.html,HTTP/1.1,401,759,-,curl/7.68.0
192.168.1.30,2025-12-03 21:15:08-07:00,GET,/dashboard,HTTP/1.1,200,292,-,Nmap Scripting Engine
192.168.1.30,2025-12-03 21:15:09-07:00,POST,/login,HTTP/1.1,200,1911,-,curl/7.68.0
10.0.0.5,2025-12-03 21:15:10-07:00,GET,/login,HTTP/1.1,401,579,-,curl/7.68.0
192.168.1.20,2025-12-03 21:15:11-07:00,GET,/dashboard,HTTP/1.1,200,1346,-,Nmap Scripting Engine
192.168.1.20,2025-12-03 21:15:12-07:00,GET,/login,HTTP/1.1,200,488,-,sqlmap/1.4.12
192.168.1.20,2025-12-03 21:15:13-07:00,POST,/login,HTTP/1.1,200,1980,-,Mozilla/5.0 (Windows NT 10.0; Win64; x64)
192.168.1.30,2025-12-03 21:15:14-07:00,GET,/login,HTTP/1.1,200,382,-,Nmap Scripting Engine
172.16.0.8,2025-12-03 21:15:15-07:00,GET,/admin,HTTP/1.1,200,1188,-,Nmap Scripting Engine
192.168.1.30,2025-12-03 21:15:16-07:00,GET,/admin,HTTP/1.1,200,1093,-,Mozilla/5.0 (Windows NT 10.0; Win64; x64)
192.168.1.10,2025-12-03 21:15:17-07:00,GET,/login,HTTP/1.1,200,1223,-,sqlmap/1.4.12
192.168.1.30,2025-12-03 21:15:18-07:00,POST,/dashboard,HTTP/1.1,200,809,-,Mozilla/5.0 (Windows NT 10.0; Win64; x64)
10.0.0.5,2025-12-03 21:15:19-07:00,GET,/admin,HTTP/1.1,200,1933,-,Mozilla/5.0 (Windows NT 10.0; Win64; x64)
192.168.1.10,2025-12-03 21:15:20-07:00,GET,/admin,HTTP/1.1,200,1063,-,Mozilla/5.0 (Windows NT 10.0; Win64; x64)
192.168.1.20,2025-12-03 21:15:21-07:00,GET,/index.html,HTTP/1.1,200,658,-,Nmap Scripting Engine
172.16.0.8,2025-12-03 21:15:22-07:00,GET,/admin,HTTP/1.1,200,719,-,Nmap Scripting Engine
192.168.1.10,2025-12-03 21:15:23-07:00,GET,/admin,HTTP/1.1,200,1594,-,sqlmap/1.4.12
192.168.1.30,2025-12-03 21:15:24-07:00,GET,/login,HTTP/1.1,200,842,-,sqlmap/1.4.12
10.0.0.5,2025-12-03 21:15:25-07:00,POST,/index.html,HTTP/1.1,200,1475,-,sqlmap/1.4.12
192.168.1.30,2025-12-03 21:15:26-07:00,GET,/login,HTTP/1.1,200,1357,-,sqlmap/1.4.12
192.168.1.20,2025-12-03 21:15:27-07:00,POST,/index.html,HTTP/1.1,200,876,-,Mozilla/5.0 (Windows NT 10.0; Win64; x64)
192.168.1.10,2025-12-03 21:15:28-07:00,POST,/index.html,HTTP/1.1,401,945,-,Mozilla/5.0 (Windows NT 10.0; Win64; x64)
10.0.0.5,2025-12-03 21:15:29-07:00,POST,/dashboard,HTTP/1.1,200,1401,-,Mozilla/5.0 (Windows NT 10.0; Win64; x64)
192.168.1.30,2025-12-03 21:15:30-07:00,POST,/admin,HTTP/1.1,200,523,-,Mozilla/5.0 (Windows NT 10.0; Win64; x64)
192.168.1.10,2025-12-03 21:15:31-07:00,POST,/dashboard,HTTP/1.1,200,100,-,curl/7.68.0
192.168.1.20,2025-12-03 21:15:32-07:00,GET,/admin,HTTP/1.1,200,1379,-,Mozilla/5.0 (Windows NT 10.0; Win64; x64)
192.168.1.10,2025-12-03 21:15:33-07:00,POST,/login,HTTP/1.1,200,1107,-,sqlmap/1.4.12
10.0.0.5,2025-12-03 21:15:34-07:00,POST,/admin,HTTP/1.1,200,1797,-,curl/7.68.0
172.16.0.8,2025-12-03 21:15:35-07:00,POST,/index.html,HTTP/1.1,200,1900,-,Mozilla/5.0 (Windows NT 10.0; Win64; x64)
172.16.0.8,2025-12-03 21:15:36-07:00,GET,/login,HTTP/1.1,401,690,-,sqlmap/1.4.12
192.168.1.20,2025-12-03 21:15:37-07:00,GET,/dashboard,HTTP/1.1,200,668,-,Mozilla/5.0 (Windows NT 10.0; Win64; x64)
10.0.0.5,2025-12-03 21:15:38-07:00,GET,/dashboard,HTTP/1.1,200,1397,-,Mozilla/5.0 (Windows NT 10.0; Win64; x64)
10.0.0.5,2025-12-03 21:15:39-07:00,POST,/login,HTTP/1.1,401,784,-,sqlmap/1.4.12
10.0.0.5,2025-12-03 21:15:40-07:00,GET,/admin,HTTP/1.1,200,1938,-,sqlmap/1.4.12
192.168.1.30,2025-12-03 21:15:41-07:00,POST,/dashboard,HTTP/1.1,403,1068,-,sqlmap/1.4.12
172.16.0.8,2025-12-03 21:15:42-07:00,POST,/admin,HTTP/1.1,401,1536,-,Nmap Scripting Engine
192.168.1.30,2025-12-03 21:15:43-07:00,POST,/admin,HTTP/1.1,200,1185,-,curl/7.68.0
192.168.1.30,2025-12-03 21:15:44-07:00,POST,/index.html,HTTP/1.1,200,1687,-,Mozilla/5.0 (Windows NT 10.0; Win64; x64)
192.168.1.10,2025-12-03 21:15:45-07:00,POST,/dashboard,HTTP/1.1,200,1072,-,sqlmap/1.4.12
10.0.0.5,2025-12-03 21:15:46-07:00,GET,/dashboard,HTTP/1.1,200,210,-,Nmap Scripting Engine
192.168.1.10,2025-12-03 21:15:47-07:00,GET,/dashboard,HTTP/1.1,403,1907,-,sqlmap/1.4.12
192.168.1.20,2025-12-03 21:15:48-07:00,POST,/dashboard,HTTP/1.1,200,1171,-,curl/7.68.0
10.0.0.5,2025-12-03 21:15:49-07:00,GET,/admin,HTTP/1.1,200,784,-,Nmap Scripting Engine
192.168.1.10,2025-12-03 21:15:50-07:00,POST,/index.html,HTTP/1.1,200,1014,-,Mozilla/5.0 (Windows NT 10.0; Win64; x64)
10.0.0.5,2025-12-03 21:15:51-07:00,POST,/dashboard,HTTP/1.1,200,1797,-,sqlmap/1.4.12
192.168.1.30,2025-12-03 21:15:52-07:00,POST,/login,HTTP/1.1,200,418,-,Nmap Scripting Engine
172.16.0.8,2025-12-03 21:15:53-07:00,POST,/dashboard,HTTP/1.1,200,417,-,sqlmap/1.4.12
10.0.0.5,2025-12-03 21:15:54-07:00,POST,/dashboard,HTTP/1.1,200,520,-,curl/7.68.0
192.168.1.20,2025-12-03 21:15:55-07:00,GET,/admin,HTTP/1.1,200,1365,-,sqlmap/1.4.12
10.0.0.5,2025-12-03 21:15:56-07:00,GET,/login,HTTP/1.1,401,1104,-,Nmap Scripting Engine
192.168.1.30,2025-12-03 21:15:57-07:00,GET,/dashboard,HTTP/1.1,200,1903,-,curl/7.68.0
192.168.1.20,2025-12-03 21:15:58-07:00,POST,/login,HTTP/1.1,200,248,-,Mozilla/5.0 (Windows NT 10.0; Win64; x64)
192.168.1.30,2025-12-03 21:15:59-07:00,GET,/login,HTTP/1.1,401,1992,-,curl/7.68.0
172.16.0.8,2025-12-03 21:16:00-07:00,POST,/index.html,HTTP/1.1,200,1525,-,Mozilla/5.0 (Windows NT 10.0; Win64; x64)
10.0.0.5,2025-12-03 21:16:01-07:00,POST,/dashboard,HTTP/1.1,200,925,-,Mozilla/5.0 (Windows NT 10.0; Win64; x64)
192.168.1.30,2025-12-03 21:16:02-07:00,GET,/admin,HTTP/1.1,200,527,-,Nmap Scripting Engine
192.168.1.20,2025-12-03 21:16:03-07:00,GET,/login,HTTP/1.1,200,178,-,Nmap Scripting Engine
192.168.1.10,2025-12-03 21:16:04-07:00,POST,/dashboard,HTTP/1.1,200,720,-,curl/7.68.0
192.168.1.10,2025-12-03 21:16:05-07:00,GET,/index.html,HTTP/1.1,200,1586,-,Mozilla/5.0 (Windows NT 10.0; Win64; x64)
192.168.1.20,2025-12-03 21:16:06-07:00,POST,/admin,HTTP/1.1,200,938,-,curl/7.68.0
192.168.1.20,2025-12-03 21:16:07-07:00,POST,/login,HTTP/1.1,200,485,-,Mozilla/5.0 (Windows NT 10.0; Win64; x64)
192.168.1.20,2025-12-03 21:16:08-07:00,GET,/admin,HTTP/1.1,200,1192,-,Nmap Scripting Engine
10.0.0.5,2025-12-03 21:16:09-07:00,GET,/login,HTTP/1.1,401,1308,-,Mozilla/5.0 (Windows NT 10.0; Win64; x64)
172.16.0.8,2025-12-03 21:16:10-07:00,GET,/admin,HTTP/1.1,200,1079,-,Nmap Scripting Engine
10.0.0.5,2025-12-03 21:16:11-07:00,GET,/admin,HTTP/1.1,200,370,-,curl/7.68.0
10.0.0.5,2025-12-03 21:16:12-07:00,POST,/admin,HTTP/1.1,200,1073,-,Mozilla/5.0 (Windows NT 10.0; Win64; x64)
172.16.0.8,2025-12-03 21:16:13-07:00,GET,/dashboard,HTTP/1.1,200,445,-,Nmap Scripting Engine
10.0.0.5,2025-12-03 21:16:14-07:00,GET,/dashboard,HTTP/1.1,200,603,-,curl/7.68.0
192.168.1.20,2025-12-03 21:16:15-07:00,GET,/index.html,HTTP/1.1,403,402,-,Nmap Scripting Engine
192.168.1.20,2025-12-03 21:16:16-07:00,GET,/login,HTTP/1.1,200,1657,-,sqlmap/1.4.12
10.0.0.5,2025-12-03 21:16:17-07:00,POST,/index.html,HTTP/1.1,200,1599,-,Mozilla/5.0 (Windows NT 10.0; Win64; x64)
192.168.1.20,2025-12-03 21:16:18-07:00,POST,/admin,HTTP/1.1,401,2000,-,Mozilla/5.0 (Windows NT 10.0; Win64; x64)
172.16.0.8,2025-12-03 21:16:19-07:00,GET,/index.html,HTTP/1.1,200,1188,-,Mozilla/5.0 (Windows NT 10.0; Win64; x64)
192.168.1.20,2025-12-03 21:16:20-07:00,GET,/dashboard,HTTP/1.1,200,1783,-,Mozilla/5.0 (Windows NT 10.0; Win64; x64)
192.168.1.30,2025-12-03 21:16:21-07:00,GET,/dashboard,HTTP/1.1,200,1294,-,sqlmap/1.4.12
10.0.0.5,2025-12-03 21:16:22-07:00,POST,/admin,HTTP/1.1,200,563,-,sqlmap/1.4.12
192.168.1.30,2025-12-03 21:16:23-07:00,POST,/dashboard,HTTP/1.1,200,894,-,Mozilla/5.0 (Windows NT 10.0; Win64; x64)
192.168.1.10,2025-12-03 21:16:24-07:00,POST,/index.html,HTTP/1.1,200,528,-,Mozilla/5.0 (Windows NT 10.0; Win64; x64)
192.168.1.30,2025-12-03 21:16:25-07:00,GET,/admin,HTTP/1.1,200,1224,-,Mozilla/5.0 (Windows NT 10.0; Win64; x64)
172.16.0.8,2025-12-03 21:16:26-07:00,POST,/index.html,HTTP/1.1,200,1717,-,Nmap Scripting Engine
10.0.0.5,2025-12-03 21:16:27-07:00,POST,/dashboard,HTTP/1.1,200,234,-,Mozilla/5.0 (Windows NT 10.0; Win64; x64)
172.16.0.8,2025-12-03 21:16:28-07:00,GET,/admin,HTTP/1.1,200,967,-,sqlmap/1.4.12
192.168.1.20,2025-12-03 21:16:29-07:00,GET,/login,HTTP/1.1,401,114,-,curl/7.68.0
192.168.1.10,2025-12-03 21:16:30-07:00,GET,/dashboard,HTTP/1.1,401,268,-,Mozilla/5.0 (Windows NT 10.0; Win64; x64)
192.168.1.20,2025-12-03 21:16:31-07:00,POST,/dashboard,HTTP/1.1,401,671,-,Nmap Scripting Engine
192.168.1.20,2025-12-03 21:16:32-07:00,POST,/index.html,HTTP/1.1,401,552,-,Mozilla/5.0 (Windows NT 10.0; Win64; x64)
10.0.0.5,2025-12-03 21:16:33-07:00,GET,/login,HTTP/1.1,401,730,-,Nmap Scripting Engine
192.168.1.30,2025-12-03 21:16:34-07:00,POST,/admin,HTTP/1.1,200,407,-,curl/7.68.0
192.168.1.10,2025-12-03 21:16:35-07:00,POST,/index.html,HTTP/1.1,200,1998,-,sqlmap/1.4.12
192.168.1.30,2025-12-03 21:16:36-07:00,POST,/login,HTTP/1.1,200,1416,-,Mozilla/5.0 (Windows NT 10.0; Win64; x64)
192.168.1.10,2025-12-03 21:16:37-07:00,POST,/dashboard,HTTP/1.1,200,1965,-,curl/7.68.0
192.168.1.10,2025-12-03 21:16:38-07:00,GET,/admin,HTTP/1.1,200,470,-,curl/7.68.0
172.16.0.8,2025-12-03 21:16:39-07:00,POST,/login,HTTP/1.1,401,450,-,Mozilla/5.0 (Windows NT 10.0; Win64; x64)
192.168.1.10,2025-12-03 21:16:40-07:00,POST,/index.html,HTTP/1.1,200,1705,-,sqlmap/1.4.12
172.16.0.8,2025-12-03 21:16:41-07:00,GET,/admin,HTTP/1.1,401,831,-,sqlmap/1.4.12
172.16.0.8,2025-12-03 21:16:42-07:00,POST,/index.html,HTTP/1.1,200,1939,-,curl/7.68.0
172.16.0.8,2025-12-03 21:16:43-07:00,POST,/dashboard,HTTP/1.1,200,103,-,Nmap Scripting Engine
192.168.1.30,2025-12-03 21:16:44-07:00,POST,/login,HTTP/1.1,200,1982,-,sqlmap/1.4.12
10.0.0.5,2025-12-03 21:16:45-07:00,POST,/index.html,HTTP/1.1,200,954,-,curl/7.68.0
192.168.1.30,2025-12-03 21:16:46-07:00,POST,/dashboard,HTTP/1.1,200,1767,-,Mozilla/5.0 (Windows NT 10.0; Win64; x64)
172.16.0.8,2025-12-03 21:16:47-07:00,POST,/dashboard,HTTP/1.1,401,110,-,Mozilla/5.0 (Windows NT 10.0; Win64; x64)
172.16.0.8,2025-12-03 21:16:48-07:00,POST,/index.html,HTTP/1.1,200,1438,-,Mozilla/5.0 (Windows NT 10.0; Win64; x64)
192.168.1.20,2025-12-03 21:16:49-07:00,GET,/admin,HTTP/1.1,200,1942,-,Mozilla/5.0 (Windows NT 10.0; Win64; x64)
192.168.1.20,2025-12-03 21:16:50-07:00,POST,/admin,HTTP/1.1,200,220,-,Nmap Scripting Engine
192.168.1.20,2025-12-03 21:16:51-07:00,POST,/admin,HTTP/1.1,200,850,-,Nmap Scripting Engine
10.0.0.5,2025-12-03 21:16:52-07:00,GET,/admin,HTTP/1.1,200,191,-,curl/7.68.0
172.16.0.8,2025-12-03 21:16:53-07:00,GET,/index.html,HTTP/1.1,200,1579,-,sqlmap/1.4.12
172.16.0.8,2025-12-03 21:16:54-07:00,POST,/login,HTTP/1.1,401,334,-,curl/7.68.0
10.0.0.5,2025-12-03 21:16:55-07:00,POST,/admin,HTTP/1.1,200,656,-,curl/7.68.0
192.168.1.10,2025-12-03 21:16:56-07:00,POST,/index.html,HTTP/1.1,200,268,-,Nmap Scripting Engine
10.0.0.5,2025-12-03 21:16:57-07:00,GET,/index.html,HTTP/1.1,403,525,-,Mozilla/5.0 (Windows NT 10.0; Win64; x64)
192.168.1.20,2025-12-03 21:16:58-07:00,POST,/index.html,HTTP/1.1,200,232,-,curl/7.68.0
192.168.1.10,2025-12-03 21:16:59-07:00,GET,/dashboard,HTTP/1.1,200,544,-,sqlmap/1.4.12
10.0.0.5,2025-12-03 21:17:00-07:00,GET,/dashboard,HTTP/1.1,200,322,-,sqlmap/1.4.12
172.16.0.8,2025-12-03 21:17:01-07:00,GET,/admin,HTTP/1.1,200,400,-,sqlmap/1.4.12
192.168.1.20,2025-12-03 21:17:02-07:00,GET,/admin,HTTP/1.1,200,341,-,Nmap Scripting Engine
192.168.1.10,2025-12-03 21:17:03-07:00,POST,/admin,HTTP/1.1,401,1835,-,Nmap Scripting Engine
172.16.0.8,2025-12-03 21:17:04-07:00,GET,/admin,HTTP/1.1,401,184,-,Nmap Scripting Engine
192.168.1.20,2025-12-03 21:17:05-07:00,GET,/dashboard,HTTP/1.1,200,1172,-,curl/7.68.0
10.0.0.5,2025-12-03 21:17:06-07:00,POST,/admin,HTTP/1.1,200,1253,-,Mozilla/5.0 (Windows NT 10.0; Win64; x64)
192.168.1.30,2025-12-03 21:17:07-07:00,GET,/admin,HTTP/1.1,200,1061,-,sqlmap/1.4.12
192.168.1.20,2025-12-03 21:17:08-07:00,POST,/login,HTTP/1.1,200,755,-,curl/7.68.0
10.0.0.5,2025-12-03 21:17:09-07:00,GET,/index.html,HTTP/1.1,200,953,-,Mozilla/5.0 (Windows NT 10.0; Win64; x64)
172.16.0.8,2025-12-03 21:17:10-07:00,GET,/login,HTTP/1.1,401,1438,-,Nmap Scripting Engine
192.168.1.20,2025-12-03 21:17:11-07:00,POST,/admin,HTTP/1.1,200,638,-,Nmap Scripting Engine
172.16.0.8,2025-12-03 21:17:12-07:00,GET,/login,HTTP/1.1,401,813,-,sqlmap/1.4.12
10.0.0.5,2025-12-03 21:17:13-07:00,POST,/admin,HTTP/1.1,403,611,-,Nmap Scripting Engine
192.168.1.20,2025-12-03 21:17:14-07:00,GET,/admin,HTTP/1.1,200,1432,-,curl/7.68.0
10.0.0.5,2025-12-03 21:17:15-07:00,POST,/dashboard,HTTP/1.1,200,1544,-,Nmap Scripting Engine
10.0.0.5,2025-12-03 21:17:16-07:00,POST,/admin,HTTP/1.1,200,1929,-,sqlmap/1.4.12
192.168.1.10,2025-12-03 21:17:17-07:00,GET,/login,HTTP/1.1,403,783,-,sqlmap/1.4.12
192.168.1.10,2025-12-03 21:17:18-07:00,GET,/index.html,HTTP/1.1,200,1271,-,curl/7.68.0
192.168.1.20,2025-12-03 21:17:19-07:00,POST,/dashboard,HTTP/1.1,200,1945,-,Mozilla/5.0 (Windows NT 10.0; Win64; x64)
172.16.0.8,2025-12-03 21:17:20-07:00,GET,/dashboard,HTTP/1.1,200,1167,-,Mozilla/5.0 (Windows NT 10.0; Win64; x64)
192.168.1.10,2025-12-03 21:17:21-07:00,GET,/index.html,HTTP/1.1,200,1778,-,sqlmap/1.4.12
172.16.0.8,2025-12-03 21:17:22-07:00,POST,/dashboard,HTTP/1.1,401,1029,-,Mozilla/5.0 (Windows NT 10.0; Win64; x64)
192.168.1.20,2025-12-03 21:17:23-07:00,POST,/login,HTTP/1.1,200,1950,-,Mozilla/5.0 (Windows NT 10.0; Win64; x64)
10.0.0.5,2025-12-03 21:17:24-07:00,POST,/login,HTTP/1.1,401,257,-,sqlmap/1.4.12
192.168.1.20,2025-12-03 21:17:25-07:00,GET,/dashboard,HTTP/1.1,401,1924,-,Mozilla/5.0 (Windows NT 10.0; Win64; x64)
172.16.0.8,2025-12-03 21:17:26-07:00,POST,/index.html,HTTP/1.1,200,1542,-,Nmap Scripting Engine
192.168.1.20,2025-12-03 21:17:27-07:00,GET,/index.html,HTTP/1.1,200,1635,-,curl/7.68.0
192.168.1.10,2025-12-03 21:17:28-07:00,GET,/login,HTTP/1.1,200,904,-,curl/7.68.0
10.0.0.5,2025-12-03 21:17:29-07:00,GET,/admin,HTTP/1.1,200,1019,-,Nmap Scripting Engine
192.168.1.30,2025-12-03 21:17:30-07:00,POST,/admin,HTTP/1.1,200,1366,-,sqlmap/1.4.12
192.168.1.10,2025-12-03 21:17:31-07:00,POST,/dashboard,HTTP/1.1,200,1671,-,Mozilla/5.0 (Windows NT 10.0; Win64; x64)
192.168.1.30,2025-12-03 21:17:32-07:00,POST,/login,HTTP/1.1,200,478,-,sqlmap/1.4.12
192.168.1.20,2025-12-03 21:17:33-07:00,POST,/login,HTTP/1.1,200,1655,-,sqlmap/1.4.12
172.16.0.8,2025-12-03 21:17:34-07:00,GET,/login,HTTP/1.1,401,776,-,Nmap Scripting Engine
172.16.0.8,2025-12-03 21:17:35-07:00,GET,/dashboard,HTTP/1.1,200,590,-,sqlmap/1.4.12
172.16.0.8,2025-12-03 21:17:36-07:00,GET,/login,HTTP/1.1,401,1459,-,Mozilla/5.0 (Windows NT 10.0; Win64; x64)
192.168.1.20,2025-12-03 21:17:37-07:00,GET,/dashboard,HTTP/1.1,200,1200,-,Mozilla/5.0 (Windows NT 10.0; Win64; x64)
192.168.1.10,2025-12-03 21:17:38-07:00,POST,/admin,HTTP/1.1,200,1377,-,Mozilla/5.0 (Windows NT 10.0; Win64; x64)
172.16.0.8,2025-12-03 21:17:39-07:00,POST,/login,HTTP/1.1,401,996,-,Nmap Scripting Engine
192.168.1.20,2025-12-03 21:17:40-07:00,POST,/login,HTTP/1.1,200,512,-,Nmap Scripting Engine
192.168.1.30,2025-12-03 21:17:41-07:00,GET,/index.html,HTTP/1.1,401,1940,-,sqlmap/1.4.12
172.16.0.8,2025-12-03 21:17:42-07:00,POST,/login,HTTP/1.1,200,328,-,Nmap Scripting Engine
10.0.0.5,2025-12-03 21:17:43-07:00,POST,/admin,HTTP/1.1,200,1649,-,curl/7.68.0
10.0.0.5,2025-12-03 21:17:44-07:00,POST,/dashboard,HTTP/1.1,200,1893,-,Nmap Scripting Engine
192.168.1.20,2025-12-03 21:17:45-07:00,POST,/dashboard,HTTP/1.1,200,1148,-,sqlmap/1.4.12
192.168.1.10,2025-12-03 21:17:46-07:00,POST,/login,HTTP/1.1,403,552,-,curl/7.68.0
192.168.1.10,2025-12-03 21:17:47-07:00,GET,/login,HTTP/1.1,200,1426,-,curl/7.68.0
172.16.0.8,2025-12-03 21:17:48-07:00,POST,/index.html,HTTP/1.1,200,1746,-,sqlmap/1.4.12
10.0.0.5,2025-12-03 21:17:49-07:00,GET,/admin,HTTP/1.1,200,719,-,Nmap Scripting Engine
192.168.1.10,2025-12-03 21:17:50-07:00,POST,/admin,HTTP/1.1,200,901,-,curl/7.68.0
172.16.0.8,2025-12-03 21:17:51-07:00,GET,/index.html,HTTP/1.1,200,1400,-,Nmap Scripting Engine
172.16.0.8,2025-12-03 21:17:52-07:00,POST,/admin,HTTP/1.1,200,987,-,sqlmap/1.4.12
172.16.0.8,2025-12-03 21:17:53-07:00,GET,/admin,HTTP/1.1,200,776,-,Nmap Scripting Engine
192.168.1.30,2025-12-03 21:17:54-07:00,POST,/admin,HTTP/1.1,200,399,-,sqlmap/1.4.12
192.168.1.10,2025-12-03 21:17:55-07:00,GET,/index.html,HTTP/1.1,200,1506,-,Mozilla/5.0 (Windows NT 10.0; Win64; x64)
192.168.1.10,2025-12-03 21:17:56-07:00,POST,/index.html,HTTP/1.1,200,609,-,Mozilla/5.0 (Windows NT 10.0; Win64; x64)
192.168.1.20,2025-12-03 21:17:57-07:00,GET,/index.html,HTTP/1.1,200,1065,-,sqlmap/1.4.12
172.16.0.8,2025-12-03 21:17:58-07:00,POST,/admin,HTTP/1.1,200,905,-,curl/7.68.0
172.16.0.8,2025-12-03 21:17:59-07:00,POST,/dashboard,HTTP/1.1,200,690,-,curl/7.68.0
192.168.1.10,2025-12-03 21:18:00-07:00,POST,/login,HTTP/1.1,200,1025,-,curl/7.68.0
192.168.1.30,2025-12-03 21:18:01-07:00,POST,/admin,HTTP/1.1,200,1587,-,Mozilla/5.0 (Windows NT 10.0; Win64; x64)
192.168.1.20,2025-12-03 21:18:02-07:00,GET,/login,HTTP/1.1,403,1902,-,sqlmap/1.4.12
192.168.1.10,2025-12-03 21:18:03-07:00,POST,/login,HTTP/1.1,200,653,-,Nmap Scripting Engine
10.0.0.5,2025-12-03 21:18:04-07:00,POST,/index.html,HTTP/1.1,200,1377,-,Mozilla/5.0 (Windows NT 10.0; Win64; x64)
172.16.0.8,2025-12-03 21:18:05-07:00,POST,/admin,HTTP/1.1,200,736,-,Nmap Scripting Engine
172.16.0.8,2025-12-03 21:18:06-07:00,POST,/login,HTTP/1.1,401,1215,-,sqlmap/1.4.12
192.168.1.20,2025-12-03 21:18:07-07:00,POST,/login,HTTP/1.1,200,1792,-,Mozilla/5.0 (Windows NT 10.0; Win64; x64)
192.168.1.10,2025-12-03 21:18:08-07:00,GET,/admin,HTTP/1.1,401,1861,-,Mozilla/5.0 (Windows NT 10.0; Win64; x64)
192.168.1.10,2025-12-03 21:18:09-07:00,GET,/dashboard,HTTP/1.1,401,297,-,Mozilla/5.0 (Windows NT 10.0; Win64; x64)
10.0.0.5,2025-12-03 21:18:10-07:00,POST,/index.html,HTTP/1.1,200,1185,-,Mozilla/5.0 (Windows NT 10.0; Win64; x64)
192.168.1.20,2025-12-03 21:18:11-07:00,GET,/dashboard,HTTP/1.1,200,839,-,Mozilla/5.0 (Windows NT 10.0; Win64; x64)
192.168.1.20,2025-12-03 21:18:12-07:00,POST,/admin,HTTP/1.1,200,1369,-,sqlmap/1.4.12
192.168.1.20,2025-12-03 21:18:13-07:00,POST,/admin,HTTP/1.1,403,1244,-,Mozilla/5.0 (Windows NT 10.0; Win64; x64)
172.16.0.8,2025-12-03 21:18:14-07:00,POST,/login,HTTP/1.1,401,501,-,curl/7.68.0
172.16.0.8,2025-12-03 21:18:15-07:00,POST,/login,HTTP/1.1,401,199,-,Nmap Scripting Engine
192.168.1.10,2025-12-03 21:18:16-07:00,POST,/admin,HTTP/1.1,200,1240,-,curl/7.68.0
172.16.0.8,2025-12-03 21:18:17-07:00,GET,/login,HTTP/1.1,401,1411,-,Mozilla/5.0 (Windows NT 10.0; Win64; x64)
172.16.0.8,2025-12-03 21:18:18-07:00,GET,/admin,HTTP/1.1,200,1022,-,sqlmap/1.4.12
172.16.0.8,2025-12-03 21:18:19-07:00,GET,/index.html,HTTP/1.1,200,1405,-,Mozilla/5.0 (Windows NT 10.0; Win64; x64)
192.168.1.30,2025-12-03 21:18:20-07:00,POST,/admin,HTTP/1.1,200,1286,-,Mozilla/5.0 (Windows NT 10.0; Win64; x64)
192.168.1.20,2025-12-03 21:18:21-07:00,GET,/admin,HTTP/1.1,200,1950,-,curl/7.68.0
192.168.1.10,2025-12-03 21:18:22-07:00,POST,/admin,HTTP/1.1,200,1392,-,curl/7.68.0
10.0.0.5,2025-12-03 21:18:23-07:00,GET,/admin,HTTP/1.1,200,647,-,Mozilla/5.0 (Windows NT 10.0; Win64; x64)
192.168.1.20,2025-12-03 21:18:24-07:00,POST,/dashboard,HTTP/1.1,401,212,-,sqlmap/1.4.12
192.168.1.20,2025-12-03 21:18:25-07:00,GET,/dashboard,HTTP/1.1,401,1704,-,curl/7.68.0
172.16.0.8,2025-12-03 21:18:26-07:00,POST,/dashboard,HTTP/1.1,200,1826,-,Mozilla/5.0 (Windows NT 10.0; Win64; x64)
192.168.1.20,2025-12-03 21:18:27-07:00,GET,/admin,HTTP/1.1,200,1133,-,Mozilla/5.0 (Windows NT 10.0; Win64; x64)
192.168.1.30,2025-12-03 21:18:28-07:00,POST,/index.html,HTTP/1.1,200,1029,-,Nmap Scripting Engine
192.168.1.20,2025-12-03 21:18:29-07:00,POST,/index.html,HTTP/1.1,200,1407,-,sqlmap/1.4.12
192.168.1.10,2025-12-03 21:18:30-07:00,POST,/login,HTTP/1.1,200,1451,-,sqlmap/1.4.12
192.168.1.30,2025-12-03 21:18:31-07:00,POST,/index.html,HTTP/1.1,200,1045,-,Nmap Scripting Engine
192.168.1.10,2025-12-03 21:18:32-07:00,POST,/admin,HTTP/1.1,200,1798,-,Nmap Scripting Engine
172.16.0.8,2025-12-03 21:18:33-07:00,POST,/dashboard,HTTP/1.1,200,1122,-,curl/7.68.0
192.168.1.30,2025-12-03 21:18:34-07:00,GET,/login,HTTP/1.1,200,1651,-,Nmap Scripting Engine
192.168.1.20,2025-12-03 21:18:35-07:00,GET,/login,HTTP/1.1,401,1620,-,Mozilla/5.0 (Windows NT 10.0; Win64; x64)
172.16.0.8,2025-12-03 21:18:36-07:00,POST,/index.html,HTTP/1.1,200,745,-,Mozilla/5.0 (Windows NT 10.0; Win64; x64)
10.0.0.5,2025-12-03 21:18:37-07:00,POST,/index.html,HTTP/1.1,200,1553,-,Mozilla/5.0 (Windows NT 10.0; Win64; x64)
10.0.0.5,2025-12-03 21:18:38-07:00,POST,/admin,HTTP/1.1,200,488,-,Mozilla/5.0 (Windows NT 10.0; Win64; x64)
10.0.0.5,2025-12-03 21:18:39-07:00,GET,/admin,HTTP/1.1,403,768,-,curl/7.68.0
192.168.1.20,2025-12-03 21:18:40-07:00,POST,/dashboard,HTTP/1.1,200,658,-,curl/7.68.0
10.0.0.5,2025-12-03 21:18:41-07:00,GET,/index.html,HTTP/1.1,200,315,-,curl/7.68.0
192.168.1.30,2025-12-03 21:18:42-07:00,GET,/login,HTTP/1.1,403,1870,-,Mozilla/5.0 (Windows NT 10.0; Win64; x64)
192.168.1.20,2025-12-03 21:18:43-07:00,POST,/admin,HTTP/1.1,403,1513,-,curl/7.68.0
192.168.1.30,2025-12-03 21:18:44-07:00,POST,/admin,HTTP/1.1,200,712,-,Mozilla/5.0 (Windows NT 10.0; Win64; x64)
172.16.0.8,2025-12-03 21:18:45-07:00,POST,/login,HTTP/1.1,401,315,-,Nmap Scripting Engine
172.16.0.8,2025-12-03 21:18:46-07:00,POST,/login,HTTP/1.1,200,630,-,curl/7.68.0
192.168.1.10,2025-12-03 21:18:47-07:00,POST,/index.html,HTTP/1.1,200,1371,-,sqlmap/1.4.12
172.16.0.8,2025-12-03 21:18:48-07:00,POST,/login,HTTP/1.1,401,1575,-,Mozilla/5.0 (Windows NT 10.0; Win64; x64)
192.168.1.10,2025-12-03 21:18:49-07:00,POST,/admin,HTTP/1.1,200,1472,-,Mozilla/5.0 (Windows NT 10.0; Win64; x64)
172.16.0.8,2025-12-03 21:18:50-07:00,POST,/index.html,HTTP/1.1,200,917,-,curl/7.68.0
172.16.0.8,2025-12-03 21:18:51-07:00,POST,/dashboard,HTTP/1.1,200,1201,-,sqlmap/1.4.12
192.168.1.10,2025-12-03 21:18:52-07:00,GET,/admin,HTTP/1.1,200,1359,-,curl/7.68.0
10.0.0.5,2025-12-03 21:18:53-07:00,GET,/index.html,HTTP/1.1,200,1901,-,sqlmap/1.4.12
192.168.1.30,2025-12-03 21:18:54-07:00,POST,/login,HTTP/1.1,401,158,-,Mozilla/5.0 (Windows NT 10.0; Win64; x64)
10.0.0.5,2025-12-03 21:18:55-07:00,POST,/index.html,HTTP/1.1,200,1519,-,sqlmap/1.4.12
192.168.1.20,2025-12-03 21:18:56-07:00,POST,/admin,HTTP/1.1,401,1814,-,Mozilla/5.0 (Windows NT 10.0; Win64; x64)
192.168.1.10,2025-12-03 21:18:57-07:00,GET,/index.html,HTTP/1.1,200,1473,-,sqlmap/1.4.12
192.168.1.10,2025-12-03 21:18:58-07:00,POST,/dashboard,HTTP/1.1,200,616,-,Mozilla/5.0 (Windows NT 10.0; Win64; x64)
172.16.0.8,2025-12-03 21:18:59-07:00,POST,/dashboard,HTTP/1.1,200,1409,-,sqlmap/1.4.12
172.16.0.8,2025-12-03 21:19:00-07:00,POST,/admin,HTTP/1.1,200,1474,-,Mozilla/5.0 (Windows NT 10.0; Win64; x64)
192.168.1.10,2025-12-03 21:19:01-07:00,POST,/admin,HTTP/1.1,200,1438,-,Mozilla/5.0 (Windows NT 10.0; Win64; x64)
10.0.0.5,2025-12-03 21:19:02-07:00,POST,/admin,HTTP/1.1,403,783,-,curl/7.68.0
192.168.1.30,2025-12-03 21:19:03-07:00,POST,/index.html,HTTP/1.1,200,849,-,curl/7.68.0
10.0.0.5,2025-12-03 21:19:04-07:00,POST,/login,HTTP/1.1,401,196,-,curl/7.68.0
10.0.0.5,2025-12-03 21:19:05-07:00,GET,/login,HTTP/1.1,401,1075,-,curl/7.68.0
192.168.1.10,2025-12-03 21:19:06-07:00,POST,/login,HTTP/1.1,200,114,-,Mozilla/5.0 (Windows NT 10.0; Win64; x64)
192.168.1.30,2025-12-03 21:19:07-07:00,POST,/dashboard,HTTP/1.1,200,1998,-,Nmap Scripting Engine
10.0.0.5,2025-12-03 21:19:08-07:00,POST,/login,HTTP/1.1,401,1296,-,curl/7.68.0
192.168.1.10,2025-12-03 21:19:09-07:00,POST,/dashboard,HTTP/1.1,200,107,-,curl/7.68.0
10.0.0.5,2025-12-03 21:19:10-07:00,POST,/index.html,HTTP/1.1,401,1396,-,Mozilla/5.0 (Windows NT 10.0; Win64; x64)
10.0.0.5,2025-12-03 21:19:11-07:00,GET,/admin,HTTP/1.1,200,1400,-,sqlmap/1.4.12
192.168.1.10,2025-12-03 21:19:12-07:00,POST,/admin,HTTP/1.1,200,1164,-,sqlmap/1.4.12
172.16.0.8,2025-12-03 21:19:13-07:00,GET,/dashboard,HTTP/1.1,200,1453,-,curl/7.68.0
192.168.1.10,2025-12-03 21:19:14-07:00,POST,/index.html,HTTP/1.1,200,614,-,sqlmap/1.4.12
172.16.0.8,2025-12-03 21:19:15-07:00,POST,/index.html,HTTP/1.1,401,1448,-,curl/7.68.0
10.0.0.5,2025-12-03 21:19:16-07:00,POST,/admin,HTTP/1.1,200,150,-,Nmap Scripting Engine
10.0.0.5,2025-12-03 21:19:17-07:00,GET,/admin,HTTP/1.1,401,1238,-,sqlmap/1.4.12
10.0.0.5,2025-12-03 21:19:18-07:00,GET,/dashboard,HTTP/1.1,401,290,-,curl/7.68.0
10.0.0.5,2025-12-03 21:19:19-07:00,GET,/login,HTTP/1.1,401,1104,-,Nmap Scripting Engine
192.168.1.20,2025-12-03 21:19:20-07:00,POST,/dashboard,HTTP/1.1,401,540,-,sqlmap/1.4.12
192.168.1.20,2025-12-03 21:19:21-07:00,GET,/login,HTTP/1.1,200,446,-,Nmap Scripting Engine
192.168.1.20,2025-12-03 21:19:22-07:00,POST,/index.html,HTTP/1.1,200,1859,-,sqlmap/1.4.12
10.0.0.5,2025-12-03 21:19:23-07:00,POST,/dashboard,HTTP/1.1,200,778,-,Nmap Scripting Engine
192.168.1.10,2025-12-03 21:19:24-07:00,GET,/admin,HTTP/1.1,200,755,-,Mozilla/5.0 (Windows NT 10.0; Win64; x64)
192.168.1.20,2025-12-03 21:19:25-07:00,POST,/admin,HTTP/1.1,200,1585,-,sqlmap/1.4.12
192.168.1.30,2025-12-03 21:19:26-07:00,POST,/login,HTTP/1.1,200,1343,-,Nmap Scripting Engine
10.0.0.5,2025-12-03 21:19:27-07:00,GET,/admin,HTTP/1.1,200,1938,-,Nmap Scripting Engine
192.168.1.30,2025-12-03 21:19:28-07:00,GET,/index.html,HTTP/1.1,200,628,-,Nmap Scripting Engine
192.168.1.30,2025-12-03 21:19:29-07:00,GET,/login,HTTP/1.1,200,1925,-,curl/7.68.0
10.0.0.5,2025-12-03 21:19:30-07:00,POST,/index.html,HTTP/1.1,200,1354,-,Nmap Scripting Engine
192.168.1.20,2025-12-03 21:19:31-07:00,GET,/dashboard,HTTP/1.1,200,254,-,sqlmap/1.4.12
10.0.0.5,2025-12-03 21:19:32-07:00,POST,/admin,HTTP/1.1,200,837,-,sqlmap/1.4.12
192.168.1.20,2025-12-03 21:19:33-07:00,POST,/login,HTTP/1.1,200,1785,-,Mozilla/5.0 (Windows NT 10.0; Win64; x64)
192.168.1.10,2025-12-03 21:19:34-07:00,POST,/admin,HTTP/1.1,200,485,-,Nmap Scripting Engine
192.168.1.10,2025-12-03 21:19:35-07:00,GET,/login,HTTP/1.1,200,232,-,Mozilla/5.0 (Windows NT 10.0; Win64; x64)
192.168.1.10,2025-12-03 21:19:36-07:00,POST,/login,HTTP/1.1,200,376,-,sqlmap/1.4.12
192.168.1.10,2025-12-03 21:19:37-07:00,POST,/dashboard,HTTP/1.1,200,413,-,sqlmap/1.4.12
192.168.1.10,2025-12-03 21:19:38-07:00,GET,/admin,HTTP/1.1,200,1127,-,Mozilla/5.0 (Windows NT 10.0; Win64; x64)
172.16.0.8,2025-12-03 21:19:39-07:00,POST,/index.html,HTTP/1.1,200,1314,-,Mozilla/5.0 (Windows NT 10.0; Win64; x64)
172.16.0.8,2025-12-03 21:19:40-07:00,GET,/dashboard,HTTP/1.1,200,1325,-,sqlmap/1.4.12
192.168.1.30,2025-12-03 21:19:41-07:00,GET,/admin,HTTP/1.1,200,447,-,curl/7.68.0
192.168.1.10,2025-12-03 21:19:42-07:00,POST,/index.html,HTTP/1.1,200,1496,-,Nmap Scripting Engine
192.168.1.10,2025-12-03 21:19:43-07:00,GET,/dashboard,HTTP/1.1,200,300,-,Mozilla/5.0 (Windows NT 10.0; Win64; x64)
192.168.1.20,2025-12-03 21:19:44-07:00,GET,/dashboard,HTTP/1.1,200,1822,-,sqlmap/1.4.12
172.16.0.8,2025-12-03 21:19:45-07:00,POST,/login,HTTP/1.1,200,1960,-,curl/7.68.0
192.168.1.20,2025-12-03 21:19:46-07:00,GET,/index.html,HTTP/1.1,200,1161,-,curl/7.68.0
172.16.0.8,2025-12-03 21:19:47-07:00,POST,/dashboard,HTTP/1.1,200,1873,-,sqlmap/1.4.12
10.0.0.5,2025-12-03 21:19:48-07:00,POST,/login,HTTP/1.1,401,500,-,Nmap Scripting Engine
192.168.1.10,2025-12-03 21:19:49-07:00,POST,/login,HTTP/1.1,200,1750,-,Mozilla/5.0 (Windows NT 10.0; Win64; x64)
172.16.0.8,2025-12-03 21:19:50-07:00,GET,/login,HTTP/1.1,401,1249,-,sqlmap/1.4.12
172.16.0.8,2025-12-03 21:19:51-07:00,POST,/index.html,HTTP/1.1,200,630,-,curl/7.68.0
192.168.1.10,2025-12-03 21:19:52-07:00,POST,/admin,HTTP/1.1,200,767,-,Nmap Scripting Engine
172.16.0.8,2025-12-03 21:19:53-07:00,POST,/index.html,HTTP/1.1,200,494,-,curl/7.68.0
192.168.1.10,2025-12-03 21:19:54-07:00,GET,/login,HTTP/1.1,403,185,-,sqlmap/1.4.12
192.168.1.10,2025-12-03 21:19:55-07:00,GET,/index.html,HTTP/1.1,403,1781,-,Nmap Scripting Engine
192.168.1.30,2025-12-03 21:19:56-07:00,GET,/login,HTTP/1.1,200,591,-,Mozilla/5.0 (Windows NT 10.0; Win64; x64)
192.168.1.20,2025-12-03 21:19:57-07:00,GET,/dashboard,HTTP/1.1,401,1726,-,curl/7.68.0
10.0.0.5,2025-12-03 21:19:58-07:00,GET,/login,HTTP/1.1,401,1303,-,curl/7.68.0
192.168.1.10,2025-12-03 21:19:59-07:00,POST,/index.html,HTTP/1.1,200,652,-,sqlmap/1.4.12
172.16.0.8,2025-12-03 21:20:00-07:00,GET,/login,HTTP/1.1,401,562,-,sqlmap/1.4.12
192.168.1.30,2025-12-03 21:20:01-07:00,POST,/dashboard,HTTP/1.1,200,1816,-,curl/7.68.0
192.168.1.20,2025-12-03 21:20:02-07:00,POST,/admin,HTTP/1.1,200,474,-,Mozilla/5.0 (Windows NT 10.0; Win64; x64)
192.168.1.20,2025-12-03 21:20:03-07:00,POST,/index.html,HTTP/1.1,200,1780,-,sqlmap/1.4.12
172.16.0.8,2025-12-03 21:20:04-07:00,GET,/dashboard,HTTP/1.1,200,1554,-,sqlmap/1.4.12
192.168.1.30,2025-12-03 21:20:05-07:00,POST,/index.html,HTTP/1.1,200,1657,-,curl/7.68.0
192.168.1.10,2025-12-03 21:20:06-07:00,GET,/index.html,HTTP/1.1,200,1114,-,Mozilla/5.0 (Windows NT 10.0; Win64; x64)
192.168.1.30,2025-12-03 21:20:07-07:00,POST,/index.html,HTTP/1.1,200,1353,-,curl/7.68.0
192.168.1.10,2025-12-03 21:20:08-07:00,GET,/admin,HTTP/1.1,200,1458,-,curl/7.68.0
192.168.1.20,2025-12-03 21:20:09-07:00,GET,/index.html,HTTP/1.1,401,662,-,Mozilla/5.0 (Windows NT 10.0; Win64; x64)
172.16.0.8,2025-12-03 21:20:10-07:00,POST,/login,HTTP/1.1,401,544,-,Mozilla/5.0 (Windows NT 10.0; Win64; x64)
172.16.0.8,2025-12-03 21:20:11-07:00,GET,/login,HTTP/1.1,401,1822,-,Nmap Scripting Engine
172.16.0.8,2025-12-03 21:20:12-07:00,GET,/dashboard,HTTP/1.1,200,188,-,Mozilla/5.0 (Windows NT 10.0; Win64; x64)
192.168.1.10,2025-12-03 21:20:13-07:00,GET,/dashboard,HTTP/1.1,200,1125,-,sqlmap/1.4.12
192.168.1.10,2025-12-03 21:20:14-07:00,POST,/dashboard,HTTP/1.1,200,1405,-,Nmap Scripting Engine
172.16.0.8,2025-12-03 21:20:15-07:00,POST,/dashboard,HTTP/1.1,200,885,-,Nmap Scripting Engine
192.168.1.30,2025-12-03 21:20:16-07:00,GET,/index.html,HTTP/1.1,200,1640,-,curl/7.68.0
192.168.1.10,2025-12-03 21:20:17-07:00,POST,/admin,HTTP/1.1,200,1180,-,Nmap Scripting Engine
192.168.1.30,2025-12-03 21:20:18-07:00,GET,/login,HTTP/1.1,200,412,-,Nmap Scripting Engine
10.0.0.5,2025-12-03 21:20:19-07:00,GET,/login,HTTP/1.1,401,101,-,Mozilla/5.0 (Windows NT 10.0; Win64; x64)
192.168.1.20,2025-12-03 21:20:20-07:00,GET,/login,HTTP/1.1,200,915,-,curl/7.68.0
172.16.0.8,2025-12-03 21:20:21-07:00,GET,/admin,HTTP/1.1,401,1720,-,curl/7.68.0
192.168.1.30,2025-12-03 21:20:22-07:00,GET,/admin,HTTP/1.1,200,1709,-,Mozilla/5.0 (Windows NT 10.0; Win64; x64)
192.168.1.20,2025-12-03 21:20:23-07:00,POST,/index.html,HTTP/1.1,200,1103,-,curl/7.68.0
10.0.0.5,2025-12-03 21:20:24-07:00,POST,/index.html,HTTP/1.1,401,418,-,Mozilla/5.0 (Windows NT 10.0; Win64; x64)
192.168.1.10,2025-12-03 21:20:25-07:00,GET,/admin,HTTP/1.1,200,1728,-,sqlmap/1.4.12
172.16.0.8,2025-12-03 21:20:26-07:00,GET,/dashboard,HTTP/1.1,200,352,-,sqlmap/1.4.12
192.168.1.20,2025-12-03 21:20:27-07:00,GET,/admin,HTTP/1.1,200,1691,-,sqlmap/1.4.12
172.16.0.8,2025-12-03 21:20:28-07:00,POST,/login,HTTP/1.1,200,1639,-,sqlmap/1.4.12
192.168.1.20,2025-12-03 21:20:29-07:00,GET,/index.html,HTTP/1.1,200,280,-,Nmap Scripting Engine
10.0.0.5,2025-12-03 21:20:30-07:00,GET,/login,HTTP/1.1,401,221,-,Nmap Scripting Engine
10.0.0.5,2025-12-03 21:20:31-07:00,GET,/index.html,HTTP/1.1,200,1300,-,sqlmap/1.4.12
192.168.1.10,2025-12-03 21:20:32-07:00,GET,/index.html,HTTP/1.1,200,556,-,curl/7.68.0
10.0.0.5,2025-12-03 21:20:33-07:00,GET,/dashboard,HTTP/1.1,200,1168,-,Mozilla/5.0 (Windows NT 10.0; Win64; x64)
172.16.0.8,2025-12-03 21:20:34-07:00,GET,/dashboard,HTTP/1.1,200,1902,-,curl/7.68.0
172.16.0.8,2025-12-03 21:20:35-07:00,POST,/login,HTTP/1.1,401,1026,-,curl/7.68.0
192.168.1.20,2025-12-03 21:20:36-07:00,POST,/index.html,HTTP/1.1,403,461,-,Nmap Scripting Engine
10.0.0.5,2025-12-03 21:20:37-07:00,POST,/login,HTTP/1.1,401,1931,-,curl/7.68.0
10.0.0.5,2025-12-03 21:20:38-07:00,GET,/login,HTTP/1.1,200,646,-,sqlmap/1.4.12
192.168.1.30,2025-12-03 21:20:39-07:00,GET,/admin,HTTP/1.1,403,664,-,Nmap Scripting Engine
192.168.1.10,2025-12-03 21:20:40-07:00,POST,/admin,HTTP/1.1,200,434,-,sqlmap/1.4.12
192.168.1.20,2025-12-03 21:20:41-07:00,GET,/admin,HTTP/1.1,200,1130,-,curl/7.68.0
172.16.0.8,2025-12-03 21:20:42-07:00,GET,/admin,HTTP/1.1,200,217,-,Mozilla/5.0 (Windows NT 10.0; Win64; x64)
192.168.1.10,2025-12-03 21:20:43-07:00,GET,/admin,HTTP/1.1,401,347,-,curl/7.68.0
192.168.1.20,2025-12-03 21:20:44-07:00,POST,/dashboard,HTTP/1.1,200,1601,-,curl/7.68.0
192.168.1.10,2025-12-03 21:20:45-07:00,GET,/dashboard,HTTP/1.1,200,1877,-,Nmap Scripting Engine
192.168.1.20,2025-12-03 21:20:46-07:00,GET,/admin,HTTP/1.1,200,980,-,Nmap Scripting Engine
192.168.1.20,2025-12-03 21:20:47-07:00,POST,/index.html,HTTP/1.1,200,114,-,sqlmap/1.4.12
192.168.1.30,2025-12-03 21:20:48-07:00,GET,/dashboard,HTTP/1.1,200,812,-,Nmap Scripting Engine
192.168.1.10,2025-12-03 21:20:49-07:00,GET,/admin,HTTP/1.1,200,1243,-,Mozilla/5.0 (Windows NT 10.0; Win64; x64)
192.168.1.10,2025-12-03 21:20:50-07:00,GET,/dashboard,HTTP/1.1,200,177,-,curl/7.68.0
10.0.0.5,2025-12-03 21:20:51-07:00,GET,/login,HTTP/1.1,401,1669,-,curl/7.68.0
172.16.0.8,2025-12-03 21:20:52-07:00,GET,/dashboard,HTTP/1.1,200,1939,-,Mozilla/5.0 (Windows NT 10.0; Win64; x64)
10.0.0.5,2025-12-03 21:20:53-07:00,GET,/admin,HTTP/1.1,200,705,-,Mozilla/5.0 (Windows NT 10.0; Win64; x64)
172.16.0.8,2025-12-03 21:20:54-07:00,POST,/login,HTTP/1.1,401,886,-,curl/7.68.0
192.168.1.20,2025-12-03 21:20:55-07:00,GET,/admin,HTTP/1.1,200,1498,-,Mozilla/5.0 (Windows NT 10.0; Win64; x64)
172.16.0.8,2025-12-03 21:20:56-07:00,GET,/admin,HTTP/1.1,200,301,-,Mozilla/5.0 (Windows NT 10.0; Win64; x64)
192.168.1.20,2025-12-03 21:20:57-07:00,POST,/admin,HTTP/1.1,200,1363,-,curl/7.68.0
10.0.0.5,2025-12-03 21:20:58-07:00,GET,/login,HTTP/1.1,200,1518,-,sqlmap/1.4.12
10.0.0.5,2025-12-03 21:20:59-07:00,POST,/dashboard,HTTP/1.1,200,801,-,sqlmap/1.4.12
172.16.0.8,2025-12-03 21:21:00-07:00,GET,/login,HTTP/1.1,401,704,-,curl/7.68.0
192.168.1.10,2025-12-03 21:21:01-07:00,GET,/login,HTTP/1.1,200,1096,-,Nmap Scripting Engine
192.168.1.10,2025-12-03 21:21:02-07:00,POST,/login,HTTP/1.1,200,1117,-,curl/7.68.0
172.16.0.8,2025-12-03 21:21:03-07:00,GET,/dashboard,HTTP/1.1,200,1527,-,curl/7.68.0
192.168.1.30,2025-12-03 21:21:04-07:00,GET,/index.html,HTTP/1.1,200,1340,-,sqlmap/1.4.12
192.168.1.20,2025-12-03 21:21:05-07:00,GET,/admin,HTTP/1.1,401,869,-,sqlmap/1.4.12
192.168.1.10,2025-12-03 21:21:06-07:00,GET,/index.html,HTTP/1.1,403,257,-,sqlmap/1.4.12
192.168.1.20,2025-12-03 21:21:07-07:00,POST,/admin,HTTP/1.1,200,834,-,Nmap Scripting Engine
172.16.0.8,2025-12-03 21:21:08-07:00,POST,/index.html,HTTP/1.1,200,1218,-,Mozilla/5.0 (Windows NT 10.0; Win64; x64)
192.168.1.10,2025-12-03 21:21:09-07:00,POST,/index.html,HTTP/1.1,200,1499,-,curl/7.68.0
192.168.1.10,2025-12-03 21:21:10-07:00,GET,/dashboard,HTTP/1.1,200,1094,-,curl/7.68.0
10.0.0.5,2025-12-03 21:21:11-07:00,POST,/dashboard,HTTP/1.1,200,1196,-,curl/7.68.0
192.168.1.30,2025-12-03 21:21:12-07:00,POST,/admin,HTTP/1.1,200,910,-,Nmap Scripting Engine
192.168.1.10,2025-12-03 21:21:13-07:00,GET,/index.html,HTTP/1.1,200,1764,-,curl/7.68.0
172.16.0.8,2025-12-03 21:21:14-07:00,POST,/admin,HTTP/1.1,200,296,-,Mozilla/5.0 (Windows NT 10.0; Win64; x64)
192.168.1.10,2025-12-03 21:21:15-07:00,GET,/admin,HTTP/1.1,200,1622,-,Mozilla/5.0 (Windows NT 10.0; Win64; x64)
192.168.1.20,2025-12-03 21:21:16-07:00,GET,/index.html,HTTP/1.1,200,966,-,curl/7.68.0
192.168.1.30,2025-12-03 21:21:17-07:00,POST,/login,HTTP/1.1,200,1538,-,curl/7.68.0
192.168.1.20,2025-12-03 21:21:18-07:00,POST,/index.html,HTTP/1.1,403,517,-,curl/7.68.0
192.168.1.20,2025-12-03 21:21:19-07:00,GET,/login,HTTP/1.1,200,1600,-,Mozilla/5.0 (Windows NT 10.0; Win64; x64)
10.0.0.5,2025-12-03 21:21:20-07:00,POST,/admin,HTTP/1.1,200,412,-,curl/7.68.0
172.16.0.8,2025-12-03 21:21:21-07:00,GET,/index.html,HTTP/1.1,200,819,-,curl/7.68.0
192.168.1.20,2025-12-03 21:21:22-07:00,POST,/login,HTTP/1.1,200,1100,-,Mozilla/5.0 (Windows NT 10.0; Win64; x64)
192.168.1.30,2025-12-03 21:21:23-07:00,GET,/login,HTTP/1.1,200,1811,-,sqlmap/1.4.12
172.16.0.8,2025-12-03 21:21:24-07:00,GET,/admin,HTTP/1.1,200,1950,-,curl/7.68.0
192.168.1.20,2025-12-03 21:21:25-07:00,GET,/admin,HTTP/1.1,200,1480,-,Nmap Scripting Engine
192.168.1.20,2025-12-03 21:21:26-07:00,POST,/admin,HTTP/1.1,200,1233,-,sqlmap/1.4.12
192.168.1.30,2025-12-03 21:21:27-07:00,POST,/login,HTTP/1.1,200,1221,-,Mozilla/5.0 (Windows NT 10.0; Win64; x64)
192.168.1.10,2025-12-03 21:21:28-07:00,POST,/login,HTTP/1.1,200,1104,-,Nmap Scripting Engine
192.168.1.20,2025-12-03 21:21:29-07:00,GET,/login,HTTP/1.1,200,894,-,curl/7.68.0
172.16.0.8,2025-12-03 21:21:30-07:00,GET,/login,HTTP/1.1,401,1344,-,Mozilla/5.0 (Windows NT 10.0; Win64; x64)
192.168.1.20,2025-12-03 21:21:31-07:00,GET,/admin,HTTP/1.1,200,611,-,Mozilla/5.0 (Windows NT 10.0; Win64; x64)
172.16.0.8,2025-12-03 21:21:32-07:00,POST,/dashboard,HTTP/1.1,200,596,-,Nmap Scripting Engine
192.168.1.30,2025-12-03 21:21:33-07:00,GET,/login,HTTP/1.1,200,113,-,sqlmap/1.4.12
192.168.1.30,2025-12-03 21:21:34-07:00,POST,/admin,HTTP/1.1,200,1818,-,curl/7.68.0
192.168.1.20,2025-12-03 21:21:35-07:00,GET,/dashboard,HTTP/1.1,200,1717,-,Nmap Scripting Engine
10.0.0.5,2025-12-03 21:21:36-07:00,POST,/index.html,HTTP/1.1,200,596,-,sqlmap/1.4.12
192.168.1.30,2025-12-03 21:21:37-07:00,POST,/index.html,HTTP/1.1,200,904,-,curl/7.68.0
192.168.1.30,2025-12-03 21:21:38-07:00,POST,/admin,HTTP/1.1,403,1030,-,curl/7.68.0
192.168.1.30,2025-12-03 21:21:39-07:00,GET,/index.html,HTTP/1.1,200,1881,-,Mozilla/5.0 (Windows NT 10.0; Win64; x64)
192.168.1.10,2025-12-03 21:21:40-07:00,GET,/admin,HTTP/1.1,200,1630,-,curl/7.68.0
192.168.1.30,2025-12-03 21:21:41-07:00,POST,/dashboard,HTTP/1.1,200,1047,-,sqlmap/1.4.12
192.168.1.20,2025-12-03 21:21:42-07:00,GET,/dashboard,HTTP/1.1,200,313,-,sqlmap/1.4.12
192.168.1.20,2025-12-03 21:21:43-07:00,POST,/index.html,HTTP/1.1,403,1861,-,sqlmap/1.4.12
192.168.1.10,2025-12-03 21:21:44-07:00,GET,/dashboard,HTTP/1.1,200,509,-,Mozilla/5.0 (Windows NT 10.0; Win64; x64)
192.168.1.30,2025-12-03 21:21:45-07:00,POST,/dashboard,HTTP/1.1,200,1495,-,Mozilla/5.0 (Windows NT 10.0; Win64; x64)
192.168.1.10,2025-12-03 21:21:46-07:00,POST,/dashboard,HTTP/1.1,200,1465,-,sqlmap/1.4.12
192.168.1.30,2025-12-03 21:21:47-07:00,POST,/login,HTTP/1.1,200,1261,-,Nmap Scripting Engine
192.168.1.30,2025-12-03 21:21:48-07:00,POST,/index.html,HTTP/1.1,200,1383,-,sqlmap/1.4.12
192.168.1.10,2025-12-03 21:21:49-07:00,POST,/admin,HTTP/1.1,200,1361,-,sqlmap/1.4.12
192.168.1.30,2025-12-03 21:21:50-07:00,POST,/admin,HTTP/1.1,200,985,-,Nmap Scripting Engine
192.168.1.30,2025-12-03 21:21:51-07:00,GET,/index.html,HTTP/1.1,200,1491,-,sqlmap/1.4.12
10.0.0.5,2025-12-03 21:21:52-07:00,GET,/dashboard,HTTP/1.1,200,1928,-,sqlmap/1.4.12
10.0.0.5,2025-12-03 21:21:53-07:00,POST,/admin,HTTP/1.1,200,838,-,sqlmap/1.4.12
192.168.1.10,2025-12-03 21:21:54-07:00,POST,/index.html,HTTP/1.1,200,297,-,Nmap Scripting Engine
192.168.1.10,2025-12-03 21:21:55-07:00,GET,/login,HTTP/1.1,200,1182,-,Nmap Scripting Engine
10.0.0.5,2025-12-03 21:21:56-07:00,GET,/admin,HTTP/1.1,200,1935,-,Mozilla/5.0 (Windows NT 10.0; Win64; x64)
172.16.0.8,2025-12-03 21:21:57-07:00,GET,/dashboard,HTTP/1.1,200,1231,-,curl/7.68.0
192.168.1.20,2025-12-03 21:21:58-07:00,GET,/dashboard,HTTP/1.1,200,1832,-,Mozilla/5.0 (Windows NT 10.0; Win64; x64)
10.0.0.5,2025-12-03 21:21:59-07:00,POST,/admin,HTTP/1.1,200,1374,-,Mozilla/5.0 (Windows NT 10.0; Win64; x64)
10.0.0.5,2025-12-03 21:22:00-07:00,POST,/admin,HTTP/1.1,200,1133,-,curl/7.68.0
172.16.0.8,2025-12-03 21:22:01-07:00,GET,/dashboard,HTTP/1.1,200,373,-,curl/7.68.0
10.0.0.5,2025-12-03 21:22:02-07:00,GET,/index.html,HTTP/1.1,200,1408,-,Nmap Scripting Engine
10.0.0.5,2025-12-03 21:22:03-07:00,GET,/admin,HTTP/1.1,200,1333,-,Mozilla/5.0 (Windows NT 10.0; Win64; x64)
192.168.1.30,2025-12-03 21:22:04-07:00,GET,/login,HTTP/1.1,200,444,-,Mozilla/5.0 (Windows NT 10.0; Win64; x64)
10.0.0.5,2025-12-03 21:22:05-07:00,POST,/index.html,HTTP/1.1,200,726,-,sqlmap/1.4.12
192.168.1.20,2025-12-03 21:22:06-07:00,POST,/index.html,HTTP/1.1,200,1083,-,Mozilla/5.0 (Windows NT 10.0; Win64; x64)
172.16.0.8,2025-12-03 21:22:07-07:00,POST,/index.html,HTTP/1.1,200,1190,-,Nmap Scripting Engine
172.16.0.8,2025-12-03 21:22:08-07:00,GET,/login,HTTP/1.1,401,1582,-,Nmap Scripting Engine
192.168.1.20,2025-12-03 21:22:09-07:00,GET,/login,HTTP/1.1,200,1398,-,Nmap Scripting Engine
192.168.1.30,2025-12-03 21:22:10-07:00,POST,/admin,HTTP/1.1,200,1499,-,sqlmap/1.4.12
192.168.1.30,2025-12-03 21:22:11-07:00,POST,/index.html,HTTP/1.1,200,879,-,Mozilla/5.0 (Windows NT 10.0; Win64; x64)
172.16.0.8,2025-12-03 21:22:12-07:00,GET,/dashboard,HTTP/1.1,403,1913,-,curl/7.68.0
192.168.1.30,2025-12-03 21:22:13-07:00,POST,/dashboard,HTTP/1.1,403,1765,-,Nmap Scripting Engine
172.16.0.8,2025-12-03 21:22:14-07:00,POST,/dashboard,HTTP/1.1,200,402,-,curl/7.68.0
192.168.1.10,2025-12-03 21:22:15-07:00,GET,/admin,HTTP/1.1,200,1172,-,Mozilla/5.0 (Windows NT 10.0; Win64; x64)
10.0.0.5,2025-12-03 21:22:16-07:00,GET,/index.html,HTTP/1.1,200,1556,-,Nmap Scripting Engine
192.168.1.10,2025-12-03 21:22:17-07:00,GET,/index.html,HTTP/1.1,200,758,-,Mozilla/5.0 (Windows NT 10.0; Win64; x64)
192.168.1.10,2025-12-03 21:22:18-07:00,GET,/dashboard,HTTP/1.1,403,742,-,curl/7.68.0
10.0.0.5,2025-12-03 21:22:19-07:00,POST,/index.html,HTTP/1.1,200,1583,-,sqlmap/1.4.12
192.168.1.10,2025-12-03 21:22:20-07:00,POST,/dashboard,HTTP/1.1,200,1005,-,curl/7.68.0
172.16.0.8,2025-12-03 21:22:21-07:00,GET,/admin,HTTP/1.1,401,538,-,sqlmap/1.4.12
192.168.1.10,2025-12-03 21:22:22-07:00,GET,/dashboard,HTTP/1.1,200,513,-,Mozilla/5.0 (Windows NT 10.0; Win64; x64)
192.168.1.10,2025-12-03 21:22:23-07:00,POST,/login,HTTP/1.1,200,255,-,Nmap Scripting Engine
172.16.0.8,2025-12-03 21:22:24-07:00,GET,/login,HTTP/1.1,401,1712,-,Mozilla/5.0 (Windows NT 10.0; Win64; x64)
192.168.1.10,2025-12-03 21:22:25-07:00,GET,/login,HTTP/1.1,200,1529,-,Mozilla/5.0 (Windows NT 10.0; Win64; x64)
192.168.1.10,2025-12-03 21:22:26-07:00,GET,/admin,HTTP/1.1,200,1574,-,sqlmap/1.4.12
10.0.0.5,2025-12-03 21:22:27-07:00,POST,/login,HTTP/1.1,401,2000,-,curl/7.68.0
192.168.1.10,2025-12-03 21:22:28-07:00,GET,/login,HTTP/1.1,200,1044,-,Mozilla/5.0 (Windows NT 10.0; Win64; x64)
192.168.1.20,2025-12-03 21:22:29-07:00,POST,/index.html,HTTP/1.1,200,205,-,Mozilla/5.0 (Windows NT 10.0; Win64; x64)
192.168.1.20,2025-12-03 21:22:30-07:00,POST,/admin,HTTP/1.1,200,1229,-,sqlmap/1.4.12
172.16.0.8,2025-12-03 21:22:31-07:00,POST,/login,HTTP/1.1,401,767,-,curl/7.68.0
192.168.1.30,2025-12-03 21:22:32-07:00,POST,/index.html,HTTP/1.1,401,284,-,Nmap Scripting Engine
192.168.1.10,2025-12-03 21:22:33-07:00,GET,/login,HTTP/1.1,401,1348,-,Nmap Scripting Engine
172.16.0.8,2025-12-03 21:22:34-07:00,POST,/dashboard,HTTP/1.1,200,1818,-,curl/7.68.0
192.168.1.10,2025-12-03 21:22:35-07:00,POST,/dashboard,HTTP/1.1,200,325,-,Mozilla/5.0 (Windows NT 10.0; Win64; x64)
10.0.0.5,2025-12-03 21:22:36-07:00,GET,/dashboard,HTTP/1.1,200,1163,-,sqlmap/1.4.12
10.0.0.5,2025-12-03 21:22:37-07:00,GET,/admin,HTTP/1.1,401,134,-,Nmap Scripting Engine
192.168.1.20,2025-12-03 21:22:38-07:00,POST,/admin,HTTP/1.1,200,610,-,Nmap Scripting Engine
192.168.1.10,2025-12-03 21:22:39-07:00,POST,/index.html,HTTP/1.1,200,1372,-,Mozilla/5.0 (Windows NT 10.0; Win64; x64)
192.168.1.10,2025-12-03 21:22:40-07:00,POST,/dashboard,HTTP/1.1,200,1033,-,Mozilla/5.0 (Windows NT 10.0; Win64; x64)
192.168.1.10,2025-12-03 21:22:41-07:00,GET,/index.html,HTTP/1.1,200,1982,-,Mozilla/5.0 (Windows NT 10.0; Win64; x64)
192.168.1.10,2025-12-03 21:22:42-07:00,GET,/dashboard,HTTP/1.1,200,1734,-,Mozilla/5.0 (Windows NT 10.0; Win64; x64)
192.168.1.30,2025-12-03 21:22:43-07:00,GET,/admin,HTTP/1.1,403,1612,-,Mozilla/5.0 (Windows NT 10.0; Win64; x64)
192.168.1.20,2025-12-03 21:22:44-07:00,GET,/dashboard,HTTP/1.1,200,137,-,Nmap Scripting Engine
172.16.0.8,2025-12-03 21:22:45-07:00,POST,/index.html,HTTP/1.1,200,1212,-,Mozilla/5.0 (Windows NT 10.0; Win64; x64)
192.168.1.10,2025-12-03 21:22:46-07:00,POST,/dashboard,HTTP/1.1,200,719,-,curl/7.68.0
192.168.1.20,2025-12-03 21:22:47-07:00,GET,/index.html,HTTP/1.1,200,1232,-,curl/7.68.0
192.168.1.10,2025-12-03 21:22:48-07:00,GET,/dashboard,HTTP/1.1,200,116,-,Nmap Scripting Engine
172.16.0.8,2025-12-03 21:22:49-07:00,GET,/index.html,HTTP/1.1,200,1685,-,Mozilla/5.0 (Windows NT 10.0; Win64; x64)
192.168.1.10,2025-12-03 21:22:50-07:00,POST,/dashboard,HTTP/1.1,200,190,-,Nmap Scripting Engine
192.168.1.20,2025-12-03 21:22:51-07:00,GET,/admin,HTTP/1.1,200,436,-,sqlmap/1.4.12
192.168.1.10,2025-12-03 21:22:52-07:00,GET,/dashboard,HTTP/1.1,200,702,-,Nmap Scripting Engine
192.168.1.30,2025-12-03 21:22:53-07:00,GET,/admin,HTTP/1.1,200,1378,-,Nmap Scripting Engine
192.168.1.30,2025-12-03 21:22:54-07:00,GET,/dashboard,HTTP/1.1,200,825,-,Nmap Scripting Engine
192.168.1.30,2025-12-03 21:22:55-07:00,POST,/dashboard,HTTP/1.1,200,1490,-,Mozilla/5.0 (Windows NT 10.0; Win64; x64)
192.168.1.20,2025-12-03 21:22:56-07:00,POST,/dashboard,HTTP/1.1,200,574,-,Nmap Scripting Engine
10.0.0.5,2025-12-03 21:22:57-07:00,GET,/index.html,HTTP/1.1,401,321,-,sqlmap/1.4.12
192.168.1.20,2025-12-03 21:22:58-07:00,GET,/index.html,HTTP/1.1,200,224,-,Nmap Scripting Engine
10.0.0.5,2025-12-03 21:22:59-07:00,POST,/index.html,HTTP/1.1,200,1251,-,sqlmap/1.4.12
192.168.1.20,2025-12-03 21:23:00-07:00,GET,/login,HTTP/1.1,200,724,-,Mozilla/5.0 (Windows NT 10.0; Win64; x64)
