timestamp,action,user,ip,port,source
2025-12-04 00:54:26+00:00,Accepted password for,test,192.168.1.20,53684,ssh
2025-12-04 00:27:54+00:00,Failed password for,admin,172.16.0.8,46429,ssh
2025-12-04 00:54:26+00:00,Accepted password for,admin,192.168.1.20,47439,ssh
2025-12-04 01:19:39+00:00,Failed password for,ubuntu,172.16.0.8,42559,ssh
2025-12-04 01:15:08+00:00,Failed password for,ubuntu,172.16.0.8,38119,ssh
2025-12-04 00:33:21+00:00,Failed password for,root,172.16.0.8,31379,ssh
2025-12-04 00:40:50+00:00,Failed password for,guest,10.0.0.5,36339,ssh
2025-12-04 00:46:57+00:00,Accepted password for,admin,192.168.1.10,45931,ssh
2025-12-04 00:51:52+00:00,Failed password for,guest,10.0.0.5,32657,ssh
2025-12-04 00:36:20+00:00,Accepted password for,test,192.168.1.30,34896,ssh
2025-12-04 00:39:30+00:00,Accepted password for,guest,192.168.1.30,34218,ssh
2025-12-04 00:58:02+00:00,Failed password for,test,10.0.0.5,33994,ssh
2025-12-04 00:52:33+00:00,Failed password for,ubuntu,172.16.0.8,53568,ssh
2025-12-04 01:08:37+00:00,Accepted password for,test,192.168.1.30,33435,ssh
2025-12-04 01:21:33+00:00,Failed password for,test,10.0.0.5,59255,ssh
2025-12-04 01:02:11+00:00,Accepted password for,admin,192.168.1.10,45976,ssh
2025-12-04 00:36:27+00:00,Accepted password for,admin,192.168.1.10,39086,ssh
2025-12-04 01:18:38+00:00,Accepted password for,test,192.168.1.10,55797,ssh
2025-12-04 00:24:15+00:00,Accepted password for,ubuntu,192.168.1.30,49666,ssh
2025-12-04 01:08:52+00:00,Failed password for,ubuntu,10.0.0.5,38050,ssh
2025-12-04 00:26:56+00:00,Failed password for,admin,10.0.0.5,57956,ssh
2025-12-04 01:02:35+00:00,Accepted password for,ubuntu,192.168.1.20,50996,ssh
2025-12-04 01:16:37+00:00,Accepted password for,root,192.168.1.10,39562,ssh
2025-12-04 00:49:02+00:00,Accepted password for,guest,192.168.1.20,49151,ssh
2025-12-04 00:39:30+00:00,Accepted password for,admin,192.168.1.30,54397,ssh
2025-12-04 00:42:16+00:00,Failed password for,guest,10.0.0.5,34233,ssh
2025-12-04 01:02:26+00:00,Accepted password for,admin,192.168.1.20,42251,ssh
2025-12-04 01:09:10+00:00,Accepted password for,root,192.168.1.10,40256,ssh
2025-12-04 00:48:44+00:00,Failed password for,test,10.0.0.5,45429,ssh
2025-12-04 00:56:58+00:00,Accepted password for,ubuntu,192.168.1.10,56284,ssh
2025-12-04 00:44:01+00:00,Failed password for,ubuntu,10.0.0.5,40922,ssh
2025-12-04 00:30:23+00:00,Accepted password for,test,192.168.1.30,40136,ssh
2025-12-04 01:01:37+00:00,Failed password for,guest,10.0.0.5,38494,ssh
2025-12-04 00:27:00+00:00,Failed password for,guest,10.0.0.5,57664,ssh
2025-12-04 00:41:16+00:00,Accepted password for,test,192.168.1.10,54259,ssh
2025-12-04 01:08:59+00:00,Accepted password for,test,192.168.1.10,41211,ssh
2025-12-04 01:02:15+00:00,Accepted password for,test,192.168.1.10,33576,ssh
2025-12-04 00:27:31+00:00,Accepted password for,root,192.168.1.20,55729,ssh
2025-12-04 00:32:36+00:00,Accepted password for,test,192.168.1.10,44164,ssh
2025-12-04 00:55:15+00:00,Failed password for,test,10.0.0.5,35082,ssh
2025-12-04 00:58:18+00:00,Failed password for,ubuntu,172.16.0.8,56106,ssh
2025-12-04 00:38:47+00:00,Accepted password for,admin,192.168.1.20,51007,ssh
2025-12-04 00:35:43+00:00,Failed password for,admin,10.0.0.5,56394,ssh
2025-12-04 00:50:26+00:00,Accepted password for,test,192.168.1.10,31685,ssh
2025-12-04 00:31:03+00:00,Accepted password for,admin,192.168.1.30,32709,ssh
2025-12-04 00:58:05+00:00,Accepted password for,test,192.168.1.10,55637,ssh
2025-12-04 00:56:07+00:00,Accepted password for,root,192.168.1.20,40435,ssh
2025-12-04 01:15:52+00:00,Failed password for,ubuntu,172.16.0.8,48288,ssh
2025-12-04 00:23:55+00:00,Accepted password for,ubuntu,192.168.1.10,40093,ssh
2025-12-04 00:50:45+00:00,Failed password for,test,172.16.0.8,54926,ssh
2025-12-04 00:43:53+00:00,Failed password for,test,172.16.0.8,34550,ssh
2025-12-04 01:04:22+00:00,Accepted password for,guest,192.168.1.10,41304,ssh
2025-12-04 00:34:41+00:00,Accepted password for,root,192.168.1.20,30270,ssh
2025-12-04 00:46:17+00:00,Accepted password for,admin,192.168.1.20,48939,ssh
2025-12-04 01:08:11+00:00,Accepted password for,test,192.168.1.10,50060,ssh
2025-12-04 01:10:20+00:00,Failed password for,root,172.16.0.8,39380,ssh
2025-12-04 00:34:23+00:00,Failed password for,admin,10.0.0.5,40029,ssh
2025-12-04 01:04:24+00:00,Accepted password for,test,192.168.1.20,39918,ssh
2025-12-04 00:57:03+00:00,Accepted password for,ubuntu,192.168.1.20,44887,ssh
2025-12-04 00:43:59+00:00,Failed password for,ubuntu,172.16.0.8,50276,ssh
2025-12-04 00:45:57+00:00,Accepted password for,admin,192.168.1.10,53200,ssh
2025-12-04 00:37:53+00:00,Failed password for,test,10.0.0.5,49471,ssh
2025-12-04 00:43:27+00:00,Failed password for,admin,10.0.0.5,41644,ssh
2025-12-04 01:13:36+00:00,Accepted password for,root,192.168.1.30,46109,ssh
2025-12-04 00:52:12+00:00,Accepted password for,admin,192.168.1.30,57738,ssh
2025-12-04 00:56:52+00:00,Failed password for,guest,172.16.0.8,34165,ssh
2025-12-04 01:21:41+00:00,Accepted password for,admin,192.168.1.30,44041,ssh
2025-12-04 01:19:33+00:00,Accepted password for,test,192.168.1.10,56292,ssh
2025-12-04 00:33:24+00:00,Accepted password for,guest,192.168.1.10,58827,ssh
2025-12-04 01:00:42+00:00,Accepted password for,guest,192.168.1.20,31807,ssh
2025-12-04 01:05:16+00:00,Accepted password for,admin,192.168.1.20,41091,ssh
2025-12-04 00:54:59+00:00,Accepted password for,admin,192.168.1.10,59693,ssh
2025-12-04 00:24:26+00:00,Accepted password for,ubuntu,192.168.1.20,39091,ssh
2025-12-04 00:55:43+00:00,Accepted password for,test,192.168.1.10,31832,ssh
2025-12-04 00:55:33+00:00,Accepted password for,test,192.168.1.30,33887,ssh
2025-12-04 00:50:50+00:00,Accepted password for,ubuntu,192.168.1.20,34762,ssh
2025-12-04 00:32:04+00:00,Accepted password for,test,192.168.1.30,54830,ssh
2025-12-04 00:29:35+00:00,Failed password for,ubuntu,10.0.0.5,56860,ssh
2025-12-04 00:57:03+00:00,Failed password for,ubuntu,10.0.0.5,48597,ssh
2025-12-04 01:09:01+00:00,Accepted password for,root,192.168.1.30,52476,ssh
2025-12-04 00:45:56+00:00,Failed password for,root,172.16.0.8,32930,ssh
2025-12-04 01:01:32+00:00,Accepted password for,ubuntu,192.168.1.10,46673,ssh
2025-12-04 01:00:07+00:00,Accepted password for,ubuntu,192.168.1.10,50134,ssh
2025-12-04 00:32:09+00:00,Accepted password for,ubuntu,192.168.1.20,48881,ssh
2025-12-04 00:34:02+00:00,Failed password for,ubuntu,10.0.0.5,50530,ssh
2025-12-04 01:01:14+00:00,Failed password for,ubuntu,10.0.0.5,44559,ssh
2025-12-04 00:52:16+00:00,Accepted password for,test,192.168.1.10,32772,ssh
2025-12-04 00:44:30+00:00,Accepted password for,admin,192.168.1.20,58975,ssh
2025-12-04 00:44:50+00:00,Accepted password for,root,192.168.1.20,41391,ssh
2025-12-04 00:49:01+00:00,Failed password for,guest,10.0.0.5,33669,ssh
2025-12-04 01:21:05+00:00,Failed password for,root,172.16.0.8,35266,ssh
2025-12-04 00:40:34+00:00,Failed password for,admin,172.16.0.8,41579,ssh
2025-12-04 00:28:32+00:00,Accepted password for,ubuntu,192.168.1.10,57034,ssh
2025-12-04 00:41:07+00:00,Accepted password for,admin,192.168.1.30,39804,ssh
2025-12-04 00:40:39+00:00,Failed password for,guest,10.0.0.5,46086,ssh
2025-12-04 00:25:24+00:00,Failed password for,admin,10.0.0.5,47291,ssh
2025-12-04 01:21:33+00:00,Accepted password for,ubuntu,192.168.1.10,40284,ssh
2025-12-04 00:44:55+00:00,Accepted password for,root,192.168.1.30,56385,ssh
2025-12-04 00:39:30+00:00,Accepted password for,guest,192.168.1.30,44069,ssh
2025-12-04 00:44:17+00:00,Accepted password for,ubuntu,192.168.1.10,53844,ssh
2025-12-04 00:31:33+00:00,Accepted password for,test,192.168.1.20,55461,ssh
2025-12-04 00:24:26+00:00,Accepted password for,test,192.168.1.20,42937,ssh
2025-12-04 00:53:17+00:00,Accepted password for,guest,192.168.1.30,38093,ssh
2025-12-04 01:09:10+00:00,Accepted password for,guest,192.168.1.30,57431,ssh
2025-12-04 00:29:00+00:00,Failed password for,admin,10.0.0.5,33151,ssh
2025-12-04 01:06:41+00:00,Accepted password for,root,192.168.1.10,49193,ssh
2025-12-04 00:36:50+00:00,Failed password for,test,172.16.0.8,30522,ssh
2025-12-04 00:29:28+00:00,Accepted password for,admin,192.168.1.20,35275,ssh
2025-12-04 01:04:18+00:00,Failed password for,root,172.16.0.8,31681,ssh
2025-12-04 00:25:57+00:00,Accepted password for,ubuntu,192.168.1.20,45651,ssh
2025-12-04 00:45:05+00:00,Failed password for,ubuntu,172.16.0.8,38037,ssh
2025-12-04 00:37:31+00:00,Failed password for,guest,172.16.0.8,46849,ssh
2025-12-04 01:03:40+00:00,Failed password for,test,10.0.0.5,33810,ssh
2025-12-04 01:16:09+00:00,Accepted password for,test,192.168.1.20,58114,ssh
2025-12-04 01:17:49+00:00,Accepted password for,admin,192.168.1.20,31543,ssh
2025-12-04 01:10:40+00:00,Accepted password for,test,192.168.1.20,58768,ssh
2025-12-04 01:03:53+00:00,Accepted password for,guest,192.168.1.30,59432,ssh
2025-12-04 00:50:49+00:00,Accepted password for,test,192.168.1.20,33673,ssh
2025-12-04 00:27:14+00:00,Failed password for,root,10.0.0.5,42780,ssh
2025-12-04 00:51:26+00:00,Failed password for,guest,172.16.0.8,30524,ssh
2025-12-04 01:09:53+00:00,Failed password for,test,10.0.0.5,37606,ssh
2025-12-04 01:14:52+00:00,Failed password for,ubuntu,172.16.0.8,58887,ssh
2025-12-04 00:49:29+00:00,Failed password for,guest,10.0.0.5,49847,ssh
2025-12-04 01:09:13+00:00,Failed password for,ubuntu,172.16.0.8,50691,ssh
2025-12-04 01:19:46+00:00,Accepted password for,root,192.168.1.20,46084,ssh
2025-12-04 01:17:48+00:00,Failed password for,guest,172.16.0.8,43637,ssh
2025-12-04 00:38:25+00:00,Failed password for,guest,172.16.0.8,42787,ssh
2025-12-04 00:38:15+00:00,Accepted password for,admin,192.168.1.20,45234,ssh
2025-12-04 01:05:56+00:00,Accepted password for,ubuntu,192.168.1.10,55844,ssh
2025-12-04 00:53:36+00:00,Failed password for,ubuntu,10.0.0.5,57002,ssh
2025-12-04 00:40:19+00:00,Accepted password for,guest,192.168.1.30,45464,ssh
2025-12-04 00:31:20+00:00,Failed password for,ubuntu,172.16.0.8,53182,ssh
2025-12-04 00:22:35+00:00,Failed password for,ubuntu,10.0.0.5,54824,ssh
2025-12-04 00:57:46+00:00,Failed password for,admin,10.0.0.5,37538,ssh
2025-12-04 00:44:09+00:00,Accepted password for,root,192.168.1.20,55103,ssh
2025-12-04 01:20:14+00:00,Accepted password for,ubuntu,192.168.1.10,38131,ssh
2025-12-04 00:21:53+00:00,Accepted password for,ubuntu,192.168.1.30,39315,ssh
2025-12-04 00:53:44+00:00,Accepted password for,admin,192.168.1.10,48715,ssh
2025-12-04 00:48:41+00:00,Accepted password for,admin,192.168.1.30,42268,ssh
2025-12-04 00:29:05+00:00,Accepted password for,guest,192.168.1.30,43301,ssh
2025-12-04 01:03:19+00:00,Failed password for,ubuntu,10.0.0.5,47743,ssh
2025-12-04 01:03:24+00:00,Accepted password for,test,192.168.1.20,30885,ssh
2025-12-04 01:00:29+00:00,Accepted password for,root,192.168.1.10,56608,ssh
2025-12-04 01:15:25+00:00,Failed password for,guest,10.0.0.5,44826,ssh
2025-12-04 00:38:09+00:00,Accepted password for,ubuntu,192.168.1.30,30369,ssh
2025-12-04 01:16:47+00:00,Failed password for,admin,10.0.0.5,52213,ssh
2025-12-04 01:04:06+00:00,Accepted password for,root,192.168.1.10,47838,ssh
2025-12-04 00:26:16+00:00,Failed password for,root,10.0.0.5,52391,ssh
2025-12-04 00:35:18+00:00,Accepted password for,ubuntu,192.168.1.20,32128,ssh
2025-12-04 00:55:08+00:00,Failed password for,admin,10.0.0.5,35681,ssh
2025-12-04 00:24:53+00:00,Accepted password for,guest,192.168.1.30,52011,ssh
2025-12-04 00:33:16+00:00,Accepted password for,admin,192.168.1.10,59074,ssh
2025-12-04 00:46:20+00:00,Failed password for,ubuntu,172.16.0.8,40217,ssh
2025-12-04 00:25:50+00:00,Accepted password for,guest,192.168.1.30,32603,ssh
2025-12-04 00:57:48+00:00,Accepted password for,guest,192.168.1.20,33255,ssh
2025-12-04 00:41:21+00:00,Accepted password for,test,192.168.1.20,38499,ssh
2025-12-04 00:43:25+00:00,Accepted password for,root,192.168.1.30,44085,ssh
2025-12-04 00:31:27+00:00,Accepted password for,root,192.168.1.20,33520,ssh
2025-12-04 00:21:54+00:00,Failed password for,test,10.0.0.5,55610,ssh
2025-12-04 01:03:03+00:00,Failed password for,test,10.0.0.5,45415,ssh
2025-12-04 00:27:51+00:00,Accepted password for,guest,192.168.1.10,51135,ssh
2025-12-04 01:06:36+00:00,Accepted password for,guest,192.168.1.20,31932,ssh
2025-12-04 00:37:08+00:00,Accepted password for,admin,192.168.1.10,43796,ssh
2025-12-04 00:45:15+00:00,Accepted password for,test,192.168.1.20,33111,ssh
2025-12-04 00:36:48+00:00,Accepted password for,test,192.168.1.10,35989,ssh
2025-12-04 00:26:49+00:00,Accepted password for,admin,192.168.1.20,48099,ssh
2025-12-04 00:35:02+00:00,Accepted password for,admin,192.168.1.30,33679,ssh
2025-12-04 00:54:00+00:00,Failed password for,test,172.16.0.8,36067,ssh
2025-12-04 00:52:00+00:00,Accepted password for,root,192.168.1.30,57711,ssh
2025-12-04 00:43:32+00:00,Failed password for,admin,172.16.0.8,53042,ssh
2025-12-04 00:48:10+00:00,Accepted password for,test,192.168.1.20,38630,ssh
2025-12-04 00:58:51+00:00,Failed password for,root,10.0.0.5,41206,ssh
2025-12-04 00:26:56+00:00,Failed password for,root,172.16.0.8,45325,ssh
2025-12-04 01:06:21+00:00,Failed password for,test,10.0.0.5,36292,ssh
2025-12-04 01:17:10+00:00,Accepted password for,admin,192.168.1.10,55681,ssh
2025-12-04 01:19:28+00:00,Failed password for,root,172.16.0.8,38455,ssh
2025-12-04 00:24:16+00:00,Accepted password for,root,192.168.1.30,57992,ssh
2025-12-04 01:04:54+00:00,Accepted password for,test,192.168.1.10,44562,ssh
2025-12-04 00:47:11+00:00,Failed password for,admin,10.0.0.5,54896,ssh
2025-12-04 00:51:31+00:00,Failed password for,test,172.16.0.8,30180,ssh
2025-12-04 01:09:36+00:00,Accepted password for,ubuntu,192.168.1.30,42181,ssh
2025-12-04 00:58:43+00:00,Failed password for,test,172.16.0.8,39241,ssh
2025-12-04 00:57:59+00:00,Accepted password for,test,192.168.1.30,46792,ssh
2025-12-04 00:58:53+00:00,Accepted password for,guest,192.168.1.30,52947,ssh
2025-12-04 00:51:24+00:00,Accepted password for,admin,192.168.1.20,57140,ssh
2025-12-04 01:21:18+00:00,Accepted password for,test,192.168.1.30,31141,ssh
2025-12-04 00:54:58+00:00,Failed password for,admin,10.0.0.5,56008,ssh
2025-12-04 00:32:34+00:00,Failed password for,ubuntu,10.0.0.5,48952,ssh
2025-12-04 01:16:13+00:00,Failed password for,root,10.0.0.5,34226,ssh
2025-12-04 01:10:25+00:00,Accepted password for,test,192.168.1.30,30584,ssh
2025-12-04 00:32:30+00:00,Accepted password for,guest,192.168.1.20,45661,ssh
2025-12-04 01:03:02+00:00,Accepted password for,guest,192.168.1.20,52592,ssh
2025-12-04 00:40:25+00:00,Accepted password for,ubuntu,192.168.1.10,42515,ssh
2025-12-04 00:37:36+00:00,Failed password for,root,10.0.0.5,48955,ssh
2025-12-04 00:28:25+00:00,Accepted password for,ubuntu,192.168.1.20,56852,ssh
2025-12-04 00:37:57+00:00,Failed password for,admin,172.16.0.8,53848,ssh
2025-12-04 00:52:51+00:00,Accepted password for,ubuntu,192.168.1.10,48166,ssh
2025-12-04 00:51:37+00:00,Failed password for,test,10.0.0.5,39136,ssh
2025-12-04 00:36:50+00:00,Accepted password for,root,192.168.1.20,47465,ssh
2025-12-04 00:30:38+00:00,Accepted password for,guest,192.168.1.10,56631,ssh
2025-12-04 00:38:33+00:00,Accepted password for,test,192.168.1.20,42688,ssh
2025-12-04 01:15:49+00:00,Failed password for,admin,172.16.0.8,49242,ssh
2025-12-04 00:55:04+00:00,Accepted password for,guest,192.168.1.10,30077,ssh
2025-12-04 00:43:09+00:00,Accepted password for,ubuntu,192.168.1.20,39514,ssh
2025-12-04 00:42:19+00:00,Failed password for,test,10.0.0.5,53110,ssh
2025-12-04 00:47:49+00:00,Accepted password for,guest,192.168.1.30,37694,ssh
2025-12-04 00:43:09+00:00,Accepted password for,ubuntu,192.168.1.10,39967,ssh
2025-12-04 00:25:57+00:00,Accepted password for,root,192.168.1.10,47955,ssh
2025-12-04 00:33:15+00:00,Failed password for,admin,172.16.0.8,51961,ssh
2025-12-04 01:09:27+00:00,Accepted password for,root,192.168.1.10,43526,ssh
2025-12-04 00:53:00+00:00,Accepted password for,root,192.168.1.20,44461,ssh
2025-12-04 00:26:30+00:00,Accepted password for,admin,192.168.1.10,30439,ssh
2025-12-04 01:01:58+00:00,Failed password for,guest,172.16.0.8,45006,ssh
2025-12-04 00:25:49+00:00,Failed password for,root,172.16.0.8,33647,ssh
2025-12-04 01:20:38+00:00,Failed password for,test,172.16.0.8,45611,ssh
2025-12-04 00:58:13+00:00,Accepted password for,ubuntu,192.168.1.30,35572,ssh
2025-12-04 01:12:15+00:00,Accepted password for,admin,192.168.1.20,54731,ssh
2025-12-04 00:49:49+00:00,Accepted password for,root,192.168.1.30,30893,ssh
2025-12-04 01:20:35+00:00,Failed password for,ubuntu,10.0.0.5,42661,ssh
2025-12-04 00:32:08+00:00,Failed password for,test,10.0.0.5,46770,ssh
2025-12-04 00:54:23+00:00,Accepted password for,test,192.168.1.10,36690,ssh
2025-12-04 00:53:31+00:00,Failed password for,root,172.16.0.8,43414,ssh
2025-12-04 01:04:54+00:00,Accepted password for,test,192.168.1.10,51336,ssh
2025-12-04 00:44:32+00:00,Accepted password for,root,192.168.1.10,31064,ssh
2025-12-04 00:32:22+00:00,Failed password for,ubuntu,172.16.0.8,57840,ssh
2025-12-04 01:21:32+00:00,Accepted password for,root,192.168.1.10,37202,ssh
2025-12-04 00:24:24+00:00,Failed password for,guest,172.16.0.8,42815,ssh
2025-12-04 00:26:04+00:00,Accepted password for,root,192.168.1.30,42484,ssh
2025-12-04 01:12:19+00:00,Accepted password for,root,192.168.1.30,45937,ssh
2025-12-04 01:10:03+00:00,Accepted password for,guest,192.168.1.10,53767,ssh
2025-12-04 01:07:23+00:00,Failed password for,ubuntu,10.0.0.5,37353,ssh
2025-12-04 00:38:58+00:00,Accepted password for,root,192.168.1.10,50495,ssh
2025-12-04 00:35:06+00:00,Accepted password for,root,192.168.1.20,30392,ssh
2025-12-04 00:58:34+00:00,Accepted password for,admin,192.168.1.10,45779,ssh
2025-12-04 00:46:49+00:00,Accepted password for,guest,192.168.1.10,32117,ssh
2025-12-04 00:24:53+00:00,Accepted password for,admin,192.168.1.20,46026,ssh
2025-12-04 00:24:43+00:00,Accepted password for,guest,192.168.1.30,59242,ssh
2025-12-04 00:27:34+00:00,Failed password for,admin,10.0.0.5,31692,ssh
2025-12-04 00:47:58+00:00,Failed password for,ubuntu,10.0.0.5,57621,ssh
2025-12-04 01:05:14+00:00,Failed password for,ubuntu,10.0.0.5,56042,ssh
2025-12-04 00:41:44+00:00,Accepted password for,ubuntu,192.168.1.20,35959,ssh
2025-12-04 00:55:34+00:00,Accepted password for,root,192.168.1.30,43809,ssh
2025-12-04 00:26:25+00:00,Failed password for,root,10.0.0.5,50228,ssh
2025-12-04 00:48:11+00:00,Accepted password for,guest,192.168.1.30,32989,ssh
2025-12-04 00:31:03+00:00,Accepted password for,guest,192.168.1.20,45369,ssh
2025-12-04 01:20:45+00:00,Accepted password for,guest,192.168.1.10,31198,ssh
2025-12-04 00:42:42+00:00,Accepted password for,root,192.168.1.20,50646,ssh
2025-12-04 00:52:28+00:00,Failed password for,admin,172.16.0.8,43619,ssh
2025-12-04 00:32:01+00:00,Accepted password for,root,192.168.1.10,56461,ssh
2025-12-04 00:42:12+00:00,Accepted password for,test,192.168.1.10,48827,ssh
2025-12-04 01:11:21+00:00,Accepted password for,ubuntu,192.168.1.20,36885,ssh
2025-12-04 01:04:28+00:00,Accepted password for,root,192.168.1.30,47180,ssh
2025-12-04 00:55:35+00:00,Accepted password for,admin,192.168.1.30,58148,ssh
2025-12-04 01:06:34+00:00,Failed password for,ubuntu,10.0.0.5,54906,ssh
2025-12-04 00:51:32+00:00,Accepted password for,test,192.168.1.20,40624,ssh
2025-12-04 01:06:48+00:00,Failed password for,admin,172.16.0.8,37165,ssh
2025-12-04 01:18:46+00:00,Accepted password for,guest,192.168.1.30,38590,ssh
2025-12-04 00:45:50+00:00,Failed password for,admin,172.16.0.8,32913,ssh
2025-12-04 00:42:34+00:00,Accepted password for,test,192.168.1.10,46979,ssh
2025-12-04 01:16:33+00:00,Accepted password for,test,192.168.1.10,32278,ssh
2025-12-04 01:03:51+00:00,Accepted password for,test,192.168.1.30,42271,ssh
2025-12-04 00:52:57+00:00,Failed password for,admin,172.16.0.8,46528,ssh
2025-12-04 00:24:43+00:00,Accepted password for,admin,192.168.1.10,58876,ssh
2025-12-04 00:41:18+00:00,Accepted password for,ubuntu,192.168.1.20,56232,ssh
2025-12-04 01:09:29+00:00,Accepted password for,test,192.168.1.20,50192,ssh
2025-12-04 00:25:09+00:00,Failed password for,admin,172.16.0.8,42441,ssh
2025-12-04 00:39:33+00:00,Accepted password for,admin,192.168.1.10,41955,ssh
2025-12-04 00:49:49+00:00,Failed password for,admin,172.16.0.8,58959,ssh
2025-12-04 00:36:50+00:00,Accepted password for,ubuntu,192.168.1.20,54112,ssh
2025-12-04 00:33:23+00:00,Failed password for,admin,10.0.0.5,41660,ssh
2025-12-04 00:34:50+00:00,Accepted password for,ubuntu,192.168.1.20,51385,ssh
2025-12-04 00:22:01+00:00,Accepted password for,guest,192.168.1.10,52594,ssh
2025-12-04 00:26:00+00:00,Accepted password for,guest,192.168.1.30,53726,ssh
2025-12-04 00:48:42+00:00,Failed password for,test,172.16.0.8,54312,ssh
2025-12-04 01:05:18+00:00,Failed password for,test,172.16.0.8,35613,ssh
2025-12-04 00:48:28+00:00,Accepted password for,root,192.168.1.10,56675,ssh
2025-12-04 00:50:05+00:00,Accepted password for,admin,192.168.1.20,48231,ssh
2025-12-04 01:19:58+00:00,Accepted password for,ubuntu,192.168.1.20,36607,ssh
2025-12-04 00:43:40+00:00,Accepted password for,test,192.168.1.20,39663,ssh
2025-12-04 01:02:22+00:00,Accepted password for,root,192.168.1.20,40127,ssh
2025-12-04 01:08:39+00:00,Accepted password for,test,192.168.1.20,40322,ssh
2025-12-04 00:40:05+00:00,Failed password for,admin,10.0.0.5,37004,ssh
2025-12-04 01:09:24+00:00,Failed password for,ubuntu,10.0.0.5,42636,ssh
2025-12-04 00:58:03+00:00,Failed password for,ubuntu,172.16.0.8,45177,ssh
2025-12-04 01:14:29+00:00,Accepted password for,root,192.168.1.30,49194,ssh
2025-12-04 00:58:40+00:00,Accepted password for,root,192.168.1.20,55811,ssh
2025-12-04 01:21:42+00:00,Accepted password for,guest,192.168.1.10,48629,ssh
2025-12-04 00:47:15+00:00,Failed password for,test,10.0.0.5,38949,ssh
2025-12-04 00:31:58+00:00,Failed password for,root,172.16.0.8,32814,ssh
2025-12-04 01:13:08+00:00,Failed password for,test,10.0.0.5,32754,ssh
2025-12-04 00:40:32+00:00,Accepted password for,test,192.168.1.30,35913,ssh
2025-12-04 01:02:30+00:00,Failed password for,guest,10.0.0.5,41714,ssh
2025-12-04 01:14:34+00:00,Failed password for,root,10.0.0.5,30006,ssh
2025-12-04 00:22:18+00:00,Accepted password for,ubuntu,192.168.1.20,58100,ssh
2025-12-04 00:41:30+00:00,Failed password for,root,172.16.0.8,40088,ssh
2025-12-04 00:50:38+00:00,Accepted password for,ubuntu,192.168.1.10,56518,ssh
2025-12-04 00:25:57+00:00,Failed password for,guest,172.16.0.8,52078,ssh
2025-12-04 00:42:48+00:00,Accepted password for,test,192.168.1.10,49928,ssh
2025-12-04 00:56:06+00:00,Accepted password for,root,192.168.1.10,55699,ssh
2025-12-04 00:46:45+00:00,Accepted password for,ubuntu,192.168.1.20,43057,ssh
2025-12-04 01:00:34+00:00,Failed password for,test,172.16.0.8,53758,ssh
2025-12-04 00:29:12+00:00,Accepted password for,admin,192.168.1.20,47228,ssh
2025-12-04 01:13:16+00:00,Accepted password for,test,192.168.1.10,43027,ssh
2025-12-04 00:22:41+00:00,Accepted password for,guest,192.168.1.10,53962,ssh
2025-12-04 01:07:42+00:00,Accepted password for,admin,192.168.1.10,57779,ssh
2025-12-04 01:02:55+00:00,Accepted password for,test,192.168.1.20,32060,ssh
2025-12-04 00:52:02+00:00,Failed password for,test,10.0.0.5,38169,ssh
2025-12-04 00:54:26+00:00,Accepted password for,root,192.168.1.10,42276,ssh
2025-12-04 01:06:21+00:00,Accepted password for,test,192.168.1.30,45420,ssh
2025-12-04 01:21:36+00:00,Accepted password for,ubuntu,192.168.1.20,42580,ssh
2025-12-04 00:35:36+00:00,Accepted password for,ubuntu,192.168.1.20,47551,ssh
2025-12-04 01:03:02+00:00,Accepted password for,admin,192.168.1.30,42149,ssh
2025-12-04 01:03:03+00:00,Failed password for,test,10.0.0.5,57970,ssh
2025-12-04 00:26:54+00:00,Accepted password for,ubuntu,192.168.1.10,44214,ssh
2025-12-04 01:19:19+00:00,Failed password for,test,172.16.0.8,56945,ssh
2025-12-04 00:22:55+00:00,Failed password for,admin,10.0.0.5,34936,ssh
2025-12-04 01:00:47+00:00,Failed password for,ubuntu,172.16.0.8,43256,ssh
2025-12-04 00:49:57+00:00,Accepted password for,root,192.168.1.20,38757,ssh
2025-12-04 00:24:55+00:00,Failed password for,test,10.0.0.5,44385,ssh
2025-12-04 00:46:38+00:00,Accepted password for,admin,192.168.1.30,35519,ssh
2025-12-04 01:09:42+00:00,Accepted password for,guest,192.168.1.20,34903,ssh
2025-12-04 00:23:57+00:00,Failed password for,root,10.0.0.5,40787,ssh
2025-12-04 01:17:33+00:00,Accepted password for,test,192.168.1.30,54328,ssh
2025-12-04 01:06:58+00:00,Accepted password for,root,192.168.1.30,32301,ssh
2025-12-04 01:12:06+00:00,Accepted password for,ubuntu,192.168.1.20,51322,ssh
2025-12-04 01:16:34+00:00,Failed password for,admin,172.16.0.8,52650,ssh
2025-12-04 00:45:33+00:00,Accepted password for,ubuntu,192.168.1.20,59982,ssh
2025-12-04 01:03:34+00:00,Failed password for,admin,10.0.0.5,48175,ssh
2025-12-04 00:39:26+00:00,Failed password for,test,10.0.0.5,56363,ssh
2025-12-04 00:27:49+00:00,Accepted password for,root,192.168.1.30,49539,ssh
2025-12-04 01:11:28+00:00,Accepted password for,root,192.168.1.10,57486,ssh
2025-12-04 00:26:58+00:00,Failed password for,root,10.0.0.5,37490,ssh
2025-12-04 01:21:04+00:00,Accepted password for,admin,192.168.1.20,47575,ssh
2025-12-04 01:16:42+00:00,Accepted password for,guest,192.168.1.10,45158,ssh
2025-12-04 01:13:03+00:00,Accepted password for,ubuntu,192.168.1.10,48053,ssh
2025-12-04 01:12:40+00:00,Failed password for,test,172.16.0.8,41653,ssh
2025-12-04 00:31:05+00:00,Failed password for,admin,10.0.0.5,57847,ssh
2025-12-04 01:09:34+00:00,Accepted password for,test,192.168.1.20,30766,ssh
2025-12-04 01:04:45+00:00,Failed password for,root,172.16.0.8,44283,ssh
2025-12-04 00:57:47+00:00,Accepted password for,ubuntu,192.168.1.30,35517,ssh
2025-12-04 00:28:43+00:00,Accepted password for,ubuntu,192.168.1.10,36548,ssh
2025-12-04 00:29:46+00:00,Accepted password for,test,192.168.1.30,35776,ssh
2025-12-04 00:58:39+00:00,Accepted password for,test,192.168.1.20,46395,ssh
2025-12-04 00:45:54+00:00,Accepted password for,guest,192.168.1.30,52376,ssh
2025-12-04 00:24:58+00:00,Accepted password for,guest,192.168.1.10,34886,ssh
2025-12-04 00:41:40+00:00,Failed password for,root,172.16.0.8,43022,ssh
2025-12-04 00:27:23+00:00,Accepted password for,root,192.168.1.10,51091,ssh
2025-12-04 01:12:11+00:00,Accepted password for,guest,192.168.1.30,43977,ssh
2025-12-04 01:09:56+00:00,Accepted password for,guest,192.168.1.20,57425,ssh
2025-12-04 00:26:58+00:00,Failed password for,guest,10.0.0.5,56408,ssh
2025-12-04 01:20:08+00:00,Accepted password for,admin,192.168.1.30,51730,ssh
2025-12-04 00:59:23+00:00,Failed password for,guest,10.0.0.5,41098,ssh
2025-12-04 00:26:50+00:00,Accepted password for,guest,192.168.1.30,41271,ssh
2025-12-04 01:00:28+00:00,Accepted password for,guest,192.168.1.30,54125,ssh
2025-12-04 00:39:44+00:00,Failed password for,root,172.16.0.8,50579,ssh
2025-12-04 00:37:08+00:00,Accepted password for,admin,192.168.1.10,49839,ssh
2025-12-04 01:14:40+00:00,Accepted password for,admin,192.168.1.10,50510,ssh
2025-12-04 01:20:28+00:00,Failed password for,ubuntu,172.16.0.8,44015,ssh
2025-12-04 01:10:58+00:00,Failed password for,root,172.16.0.8,31055,ssh
2025-12-04 01:19:33+00:00,Accepted password for,test,192.168.1.30,52888,ssh
2025-12-04 00:45:50+00:00,Accepted password for,test,192.168.1.20,43494,ssh
2025-12-04 00:40:59+00:00,Accepted password for,ubuntu,192.168.1.20,54918,ssh
2025-12-04 00:50:08+00:00,Accepted password for,admin,192.168.1.20,39764,ssh
2025-12-04 00:34:31+00:00,Accepted password for,test,192.168.1.20,49205,ssh
2025-12-04 01:12:34+00:00,Failed password for,guest,10.0.0.5,46886,ssh
2025-12-04 01:14:18+00:00,Accepted password for,root,192.168.1.10,41305,ssh
2025-12-04 01:13:45+00:00,Accepted password for,guest,192.168.1.10,39661,ssh
2025-12-04 00:33:51+00:00,Accepted password for,root,192.168.1.20,56306,ssh
2025-12-04 00:33:33+00:00,Failed password for,root,172.16.0.8,39099,ssh
2025-12-04 00:46:24+00:00,Accepted password for,ubuntu,192.168.1.10,54923,ssh
2025-12-04 00:54:23+00:00,Accepted password for,admin,192.168.1.20,50448,ssh
2025-12-04 01:20:37+00:00,Accepted password for,root,192.168.1.30,49334,ssh
2025-12-04 01:00:09+00:00,Accepted password for,ubuntu,192.168.1.10,53733,ssh
2025-12-04 00:32:48+00:00,Accepted password for,admin,192.168.1.20,40160,ssh
2025-12-04 00:32:03+00:00,Accepted password for,ubuntu,192.168.1.30,55635,ssh
2025-12-04 00:37:24+00:00,Accepted password for,root,192.168.1.10,39598,ssh
2025-12-04 00:23:36+00:00,Accepted password for,test,192.168.1.30,31821,ssh
2025-12-04 01:19:38+00:00,Failed password for,guest,172.16.0.8,40549,ssh
2025-12-04 01:11:40+00:00,Failed password for,ubuntu,10.0.0.5,39202,ssh
2025-12-04 00:46:33+00:00,Failed password for,test,172.16.0.8,30149,ssh
2025-12-04 00:38:38+00:00,Accepted password for,guest,192.168.1.10,49612,ssh
2025-12-04 01:17:56+00:00,Accepted password for,test,192.168.1.30,49469,ssh
2025-12-04 00:47:28+00:00,Failed password for,admin,172.16.0.8,58781,ssh
2025-12-04 00:30:31+00:00,Failed password for,root,172.16.0.8,57163,ssh
2025-12-04 00:35:00+00:00,Accepted password for,admin,192.168.1.10,36811,ssh
2025-12-04 00:38:00+00:00,Failed password for,test,10.0.0.5,33343,ssh
2025-12-04 01:14:36+00:00,Failed password for,root,172.16.0.8,32504,ssh
2025-12-04 00:44:56+00:00,Accepted password for,test,192.168.1.30,53997,ssh
2025-12-04 00:57:48+00:00,Accepted password for,guest,192.168.1.30,54073,ssh
2025-12-04 00:59:52+00:00,Accepted password for,admin,192.168.1.20,31838,ssh
2025-12-04 01:12:07+00:00,Accepted password for,guest,192.168.1.20,52978,ssh
2025-12-04 00:36:17+00:00,Failed password for,admin,172.16.0.8,38727,ssh
2025-12-04 00:29:24+00:00,Accepted password for,ubuntu,192.168.1.20,31320,ssh
2025-12-04 01:12:16+00:00,Failed password for,guest,10.0.0.5,31169,ssh
2025-12-04 01:21:43+00:00,Failed password for,ubuntu,10.0.0.5,34901,ssh
2025-12-04 01:06:42+00:00,Failed password for,admin,10.0.0.5,40085,ssh
2025-12-04 00:41:46+00:00,Accepted password for,root,192.168.1.30,49944,ssh
2025-12-04 00:45:21+00:00,Failed password for,ubuntu,172.16.0.8,58859,ssh
2025-12-04 00:41:37+00:00,Failed password for,ubuntu,172.16.0.8,30632,ssh
2025-12-04 00:32:45+00:00,Accepted password for,root,192.168.1.10,53784,ssh
2025-12-04 01:11:36+00:00,Accepted password for,ubuntu,192.168.1.10,57120,ssh
2025-12-04 00:58:31+00:00,Accepted password for,test,192.168.1.20,42957,ssh
2025-12-04 01:18:08+00:00,Accepted password for,ubuntu,192.168.1.10,32004,ssh
2025-12-04 00:59:26+00:00,Accepted password for,root,192.168.1.30,35438,ssh
2025-12-04 00:23:19+00:00,Failed password for,admin,172.16.0.8,43012,ssh
2025-12-04 00:46:50+00:00,Accepted password for,test,192.168.1.30,41748,ssh
2025-12-04 00:33:52+00:00,Failed password for,admin,10.0.0.5,42223,ssh
2025-12-04 01:20:33+00:00,Failed password for,guest,172.16.0.8,46464,ssh
2025-12-04 00:38:43+00:00,Accepted password for,test,192.168.1.30,47691,ssh
2025-12-04 00:32:50+00:00,Accepted password for,guest,192.168.1.20,46055,ssh
2025-12-04 00:26:33+00:00,Failed password for,admin,172.16.0.8,37912,ssh
2025-12-04 00:46:04+00:00,Failed password for,admin,10.0.0.5,54943,ssh
2025-12-04 01:03:49+00:00,Accepted password for,test,192.168.1.10,38303,ssh
2025-12-04 01:00:44+00:00,Failed password for,guest,172.16.0.8,57107,ssh
2025-12-04 00:33:59+00:00,Accepted password for,root,192.168.1.30,42431,ssh
2025-12-04 00:23:57+00:00,Accepted password for,guest,192.168.1.10,46281,ssh
2025-12-04 00:50:53+00:00,Failed password for,root,10.0.0.5,58229,ssh
2025-12-04 00:33:22+00:00,Failed password for,root,10.0.0.5,55459,ssh
2025-12-04 01:15:50+00:00,Failed password for,guest,172.16.0.8,40828,ssh
2025-12-04 01:13:32+00:00,Accepted password for,admin,192.168.1.10,30738,ssh
2025-12-04 00:52:20+00:00,Failed password for,guest,10.0.0.5,44060,ssh
2025-12-04 00:51:40+00:00,Accepted password for,admin,192.168.1.30,31585,ssh
2025-12-04 01:09:43+00:00,Accepted password for,test,192.168.1.10,49946,ssh
2025-12-04 00:25:16+00:00,Failed password for,test,172.16.0.8,54134,ssh
2025-12-04 00:43:26+00:00,Accepted password for,guest,192.168.1.10,53344,ssh
2025-12-04 00:39:16+00:00,Accepted password for,guest,192.168.1.20,55945,ssh
2025-12-04 00:36:55+00:00,Failed password for,admin,10.0.0.5,39705,ssh
2025-12-04 00:46:09+00:00,Failed password for,ubuntu,10.0.0.5,54076,ssh
2025-12-04 01:07:31+00:00,Accepted password for,guest,192.168.1.30,32140,ssh
2025-12-04 01:15:07+00:00,Failed password for,guest,10.0.0.5,31919,ssh
2025-12-04 01:17:41+00:00,Failed password for,ubuntu,172.16.0.8,30799,ssh
2025-12-04 00:46:00+00:00,Failed password for,guest,10.0.0.5,45351,ssh
2025-12-04 01:12:07+00:00,Accepted password for,guest,192.168.1.10,45774,ssh
2025-12-04 00:41:36+00:00,Accepted password for,root,192.168.1.30,52841,ssh
2025-12-04 00:50:22+00:00,Accepted password for,guest,192.168.1.10,35658,ssh
2025-12-04 00:34:19+00:00,Accepted password for,guest,192.168.1.30,37875,ssh
2025-12-04 00:26:47+00:00,Failed password for,test,10.0.0.5,43275,ssh
2025-12-04 01:11:56+00:00,Accepted password for,guest,192.168.1.10,30725,ssh
2025-12-04 00:58:28+00:00,Failed password for,test,172.16.0.8,50583,ssh
2025-12-04 01:11:14+00:00,Failed password for,admin,172.16.0.8,42469,ssh
2025-12-04 01:01:20+00:00,Failed password for,ubuntu,10.0.0.5,35914,ssh
2025-12-04 00:34:29+00:00,Accepted password for,admin,192.168.1.10,55942,ssh
2025-12-04 00:22:46+00:00,Accepted password for,guest,192.168.1.20,56984,ssh
2025-12-04 00:22:45+00:00,Failed password for,admin,10.0.0.5,38530,ssh
2025-12-04 01:18:26+00:00,Accepted password for,guest,192.168.1.10,57048,ssh
2025-12-04 00:51:32+00:00,Accepted password for,ubuntu,192.168.1.20,57935,ssh
2025-12-04 00:55:29+00:00,Accepted password for,guest,192.168.1.10,30438,ssh
2025-12-04 00:50:03+00:00,Failed password for,test,10.0.0.5,54136,ssh
2025-12-04 00:43:32+00:00,Accepted password for,test,192.168.1.20,51950,ssh
2025-12-04 00:36:24+00:00,Failed password for,guest,172.16.0.8,40478,ssh
2025-12-04 01:08:05+00:00,Failed password for,test,10.0.0.5,53326,ssh
2025-12-04 01:16:51+00:00,Accepted password for,admin,192.168.1.30,54148,ssh
2025-12-04 01:14:17+00:00,Accepted password for,root,192.168.1.20,36037,ssh
2025-12-04 01:06:41+00:00,Failed password for,guest,172.16.0.8,47151,ssh
2025-12-04 00:55:34+00:00,Accepted password for,ubuntu,192.168.1.30,58277,ssh
2025-12-04 01:19:17+00:00,Accepted password for,root,192.168.1.30,52211,ssh
2025-12-04 00:26:38+00:00,Accepted password for,root,192.168.1.10,56681,ssh
2025-12-04 00:42:33+00:00,Accepted password for,ubuntu,192.168.1.10,54685,ssh
2025-12-04 01:13:08+00:00,Failed password for,test,10.0.0.5,40162,ssh
2025-12-04 01:16:58+00:00,Failed password for,test,10.0.0.5,36560,ssh
2025-12-04 00:40:54+00:00,Accepted password for,admin,192.168.1.10,32358,ssh
2025-12-04 00:28:26+00:00,Accepted password for,root,192.168.1.10,39699,ssh
2025-12-04 00:58:27+00:00,Accepted password for,ubuntu,192.168.1.30,44125,ssh
2025-12-04 01:10:38+00:00,Failed password for,root,172.16.0.8,59920,ssh
2025-12-04 00:42:44+00:00,Accepted password for,admin,192.168.1.10,31570,ssh
2025-12-04 01:02:45+00:00,Failed password for,test,10.0.0.5,47200,ssh
2025-12-04 00:25:21+00:00,Accepted password for,guest,192.168.1.20,43274,ssh
2025-12-04 00:47:31+00:00,Accepted password for,ubuntu,192.168.1.10,51882,ssh
2025-12-04 00:57:22+00:00,Accepted password for,guest,192.168.1.20,42309,ssh
2025-12-04 01:20:13+00:00,Accepted password for,ubuntu,192.168.1.30,57257,ssh
2025-12-04 01:01:49+00:00,Failed password for,test,10.0.0.5,42295,ssh
2025-12-04 00:47:48+00:00,Accepted password for,guest,192.168.1.10,54592,ssh
2025-12-04 00:40:33+00:00,Failed password for,guest,10.0.0.5,33217,ssh
2025-12-04 00:48:38+00:00,Failed password for,test,172.16.0.8,41948,ssh
2025-12-04 00:34:48+00:00,Accepted password for,test,192.168.1.20,40737,ssh
2025-12-04 01:03:03+00:00,Accepted password for,ubuntu,192.168.1.10,46424,ssh
2025-12-04 00:55:48+00:00,Accepted password for,ubuntu,192.168.1.10,48956,ssh
2025-12-04 00:32:52+00:00,Failed password for,admin,10.0.0.5,48039,ssh
2025-12-04 01:01:21+00:00,Accepted password for,guest,192.168.1.30,42322,ssh
2025-12-04 00:49:58+00:00,Failed password for,ubuntu,172.16.0.8,47041,ssh
2025-12-04 00:24:43+00:00,Failed password for,test,172.16.0.8,36214,ssh
2025-12-04 00:33:44+00:00,Failed password for,ubuntu,10.0.0.5,54531,ssh
2025-12-04 01:00:39+00:00,Accepted password for,ubuntu,192.168.1.30,44578,ssh
2025-12-04 00:51:35+00:00,Accepted password for,guest,192.168.1.10,55666,ssh
2025-12-04 00:23:57+00:00,Failed password for,guest,10.0.0.5,37618,ssh
2025-12-04 00:46:12+00:00,Accepted password for,ubuntu,192.168.1.20,55190,ssh
2025-12-04 01:00:08+00:00,Failed password for,test,172.16.0.8,55195,ssh
2025-12-04 00:46:29+00:00,Failed password for,guest,10.0.0.5,50404,ssh
2025-12-04 00:27:36+00:00,Failed password for,root,10.0.0.5,55855,ssh
2025-12-04 00:42:27+00:00,Failed password for,guest,10.0.0.5,54279,ssh
2025-12-04 00:42:03+00:00,Failed password for,guest,172.16.0.8,57125,ssh
2025-12-04 00:38:30+00:00,Accepted password for,guest,192.168.1.10,43189,ssh
2025-12-04 00:32:33+00:00,Accepted password for,test,192.168.1.20,52325,ssh
2025-12-04 00:31:54+00:00,Failed password for,test,10.0.0.5,37648,ssh
2025-12-04 01:14:22+00:00,Accepted password for,admin,192.168.1.10,42854,ssh
2025-12-04 01:06:33+00:00,Accepted password for,admin,192.168.1.30,30491,ssh
2025-12-04 00:37:13+00:00,Accepted password for,test,192.168.1.20,39965,ssh
2025-12-04 00:30:34+00:00,Failed password for,ubuntu,172.16.0.8,46396,ssh
2025-12-04 00:34:45+00:00,Accepted password for,guest,192.168.1.30,56122,ssh
2025-12-04 00:24:47+00:00,Failed password for,test,172.16.0.8,59055,ssh
2025-12-04 00:21:50+00:00,Failed password for,root,10.0.0.5,40000,ssh
2025-12-04 00:21:51+00:00,Failed password for,root,10.0.0.5,40000,ssh
2025-12-04 00:21:52+00:00,Failed password for,root,10.0.0.5,40000,ssh
2025-12-04 00:21:53+00:00,Failed password for,root,10.0.0.5,40000,ssh
2025-12-04 00:21:54+00:00,Failed password for,root,10.0.0.5,40000,ssh
2025-12-04 00:21:55+00:00,Failed password for,root,10.0.0.5,40000,ssh
2025-12-04 00:21:56+00:00,Failed password for,root,10.0.0.5,40000,ssh
2025-12-04 00:21:57+00:00,Failed password for,root,10.0.0.5,40000,ssh
2025-12-04 00:21:58+00:00,Failed password for,root,10.0.0.5,40000,ssh
2025-12-04 00:21:59+00:00,Failed password for,root,10.0.0.5,40000,ssh
2025-12-04 00:22:00+00:00,Failed password for,root,10.0.0.5,40000,ssh
2025-12-04 00:22:01+00:00,Failed password for,root,10.0.0.5,40000,ssh
2025-12-04 00:22:02+00:00,Failed password for,root,10.0.0.5,40000,ssh
2025-12-04 00:22:03+00:00,Failed password for,root,10.0.0.5,40000,ssh
2025-12-04 00:22:04+00:00,Failed password for,root,10.0.0.5,40000,ssh
2025-12-04 00:22:05+00:00,Failed password for,root,10.0.0.5,40000,ssh
2025-12-04 00:22:06+00:00,Failed password for,root,10.0.0.5,40000,ssh
2025-12-04 00:22:07+00:00,Failed password for,root,10.0.0.5,40000,ssh
2025-12-04 00:22:08+00:00,Failed password for,root,10.0.0.5,40000,ssh
2025-12-04 00:22:09+00:00,Failed password for,root,10.0.0.5,40000,ssh
2025-12-04 00:22:10+00:00,Failed password for,root,10.0.0.5,40000,ssh
2025-12-04 00:22:11+00:00,Failed password for,root,10.0.0.5,40000,ssh
2025-12-04 00:22:12+00:00,Failed password for,root,10.0.0.5,40000,ssh
2025-12-04 00:22:13+00:00,Failed password for,root,10.0.0.5,40000,ssh
2025-12-04 00:22:14+00:00,Failed password for,root,10.0.0.5,40000,ssh
2025-12-04 00:22:15+00:00,Failed password for,root,10.0.0.5,40000,ssh
2025-12-04 00:22:16+00:00,Failed password for,root,10.0.0.5,40000,ssh
2025-12-04 00:22:17+00:00,Failed password for,root,10.0.0.5,40000,ssh
2025-12-04 00:22:18+00:00,Failed password for,root,10.0.0.5,40000,ssh
2025-12-04 00:22:19+00:00,Failed password for,root,10.0.0.5,40000,ssh
2025-12-04 00:22:20+00:00,Failed password for,root,10.0.0.5,40000,ssh
2025-12-04 00:22:21+00:00,Failed password for,root,10.0.0.5,40000,ssh
2025-12-04 00:22:22+00:00,Failed password for,root,10.0.0.5,40000,ssh
2025-12-04 00:22:23+00:00,Failed password for,root,10.0.0.5,40000,ssh
2025-12-04 00:22:24+00:00,Failed password for,root,10.0.0.5,40000,ssh
2025-12-04 00:22:25+00:00,Failed password for,root,10.0.0.5,40000,ssh
2025-12-04 00:22:26+00:00,Failed password for,root,10.0.0.5,40000,ssh
2025-12-04 00:22:27+00:00,Failed password for,root,10.0.0.5,40000,ssh
2025-12-04 00:22:28+00:00,Failed password for,root,10.0.0.5,40000,ssh
2025-12-04 00:22:29+00:00,Failed password for,root,10.0.0.5,40000,ssh
2025-12-04 00:22:30+00:00,Failed password for,root,10.0.0.5,40000,ssh
2025-12-04 00:22:31+00:00,Failed password for,root,10.0.0.5,40000,ssh
2025-12-04 00:22:32+00:00,Failed password for,root,10.0.0.5,40000,ssh
2025-12-04 00:22:33+00:00,Failed password for,root,10.0.0.5,40000,ssh
2025-12-04 00:22:34+00:00,Failed password for,root,10.0.0.5,40000,ssh
2025-12-04 00:22:35+00:00,Failed password for,root,10.0.0.5,40000,ssh
2025-12-04 00:22:36+00:00,Failed password for,root,10.0.0.5,40000,ssh
2025-12-04 00:22:37+00:00,Failed password for,root,10.0.0.5,40000,ssh
2025-12-04 00:22:38+00:00,Failed password for,root,10.0.0.5,40000,ssh
2025-12-04 00:22:39+00:00,Failed password for,root,10.0.0.5,40000,ssh
